Agency,School,Address,maxOccupancy,ProjectPhase,YrComplete,Level,totalSQFT,ProjectType,MajorExp9815,TotalAllotandPlan1621,LifetimeBudget,unqBuilding,longitude,latitude,Ward,FeederMS,FeederHS,Total.Enrolled,Limited.English.Proficient,At_Risk,SPED,AtRiskPer,SPEDPer,ESLPer,SqFtPerEnroll,SpentPerMaxOccupancy,SpentPerSqFt,YearsOpen,Open,Open.Now,AnnualExpenseAverage,AnnualSpentPerMaxOccupany,AnnualSpentPerSqFt,
PCS,Academy of Hope Adult PCS,"
421 Alabama Avenue, SE",186,NA,NA,ADULT," 	21,375 ",Facility Allowance,786432,NA,NA,0,-76.9998836,38.842743,8,NA,NA,256,0,0,0,0,0,0,83,4228.12903225806,37,1,2015,1,786432,4228.12903225806,36.7921403508772,
PCS,Academy of Hope Adult PCS,"601 Edgewood Street, NE",186,NA,NA,ADULT," 	21,375 ",Facility Allowance,786432,NA,NA,0,-76.9971713,38.9237975,5,NA,NA,256,0,0,0,0,0,0,83,4228.12903225806,37,1,2015,1,786432,4228.12903225806,36.7921403508772,
PCS,Achievement Preparatory PCS-Elementary,"1500 Mississippi Avenue, SE",NA,NA,NA,ES," 	23,302 ",Facility Allowance,3963509,NA,NA,1,-76.9836028,38.8416964,8,NA,NA,267,1,132,23,0.49438202247191,0.0861423220973783,0.00374531835205993,87,NA,170,7,2009,1,566215.571428571,NA,24.2990117341246,
PCS,Achievement Preparatory PCS-Middle School,"908 Wahler Place, SE",519,NA,NA,MS," 	33,177 ",Facility Allowance,2316432,NA,NA,1,-76.9924085,38.834427,8,NA,NA,381,0,192,51,0.503937007874016,0.133858267716535,0,87,4463.26011560694,70,2,2014,1,1158216,2231.63005780347,34.9102088796455,
DCPS,Aiton ES,533 48th Pl  NE,442,Phase 0,NA,ES," 	57,100 ",STABILIZED,8916,12115000,14515000,1,-76.933700916,38.897001477,7,Kelly Miller MS,Woodson HS,262,1,214,42,0.816793893129771,0.16030534351145,0.00381679389312977,218,20.1719457013575,0,NA,NA,1,NA,NA,NA,
DCPS,Amidon-Bowen ES,401 Eye St  SW,400,Phase I,2012,ES," 	70,800 ",PARTIAL MOD,5993305,0,5993305,1,-77.018125299,38.879515067,6,Jefferson Acad. MS,Eastern HS,345,6,254,90,0.736231884057971,0.260869565217391,0.0173913043478261,205,14983.2625,85,NA,NA,1,NA,NA,NA,
DCPS,Anacostia HS,1601 16th St  SE,837,Full,2012,HS," 	204,992 ",FULL MOD," $	68,228,069 ",0,68860993,1,-76.983077254,38.870083725,8,,,661,0,586,186,0.886535552193646,0.281391830559758,0,310,81515.0167264038,333,NA,NA,1,NA,NA,NA,
PCS,AppleTree Early Learning Center PCS Columbia Heights,"2750 14th Street, NW ",188,NA,NA,PK3-K," 	12,204 ",Facility Allowance,3156647,NA,NA,1,-77.0326704,38.9252369,1,NA,NA,163,37,58,10,0.355828220858896,0.0613496932515337,0.226993865030675,75,16790.6755319149,259,8,2008,1,394580.875,2098.83444148936,32.3320939855785,
PCS,AppleTree Early Learning Center PCS Lincoln Park,"138 12th Street, NE",73,NA,NA,PK3-K," 	8,975 ",Facility Allowance,1182840,NA,NA,1,-76.9905578,38.8914903,6,NA,NA,60,2,5,5,0.0833333333333333,0.0833333333333333,0.0333333333333333,150,16203.2876712329,132,8,2008,1,147855,2025.41095890411,16.4740947075209,
PCS,AppleTree Early Learning Center PCS Oklahoma,"320 21st Street, NE",218,NA,NA,PK3-K," 	15,866 ",Facility Allowance,2327592,NA,NA,1,-76.9750541,38.8940003,7,NA,NA,161,3,80,4,0.496894409937888,0.0248447204968944,0.0186335403726708,99,10677.0275229358,147,5,2011,1,465518.4,2135.40550458716,29.3406277574688,
PCS,AppleTree Early Learning Center PCS Southwest,"801 7th Street, SW",158,NA,NA,PK3-K," 	6,162 ",Facility Allowance,736320,NA,NA,1,-77.0229317,38.8798501,6,NA,NA,86,4,41,2,0.476744186046512,0.0232558139534884,0.0465116279069767,72,4660.25316455696,119,4,2012,1,184080,1165.06329113924,29.873417721519,
PCS,AppleTree Early Learning PCS Southeast,"2011 Savannah Terrace, SE",230,NA,NA,PK3-K," 	17,161 ",Facility Allowance,1560816,NA,NA,0,-76.972974,38.8494641,8,NA,NA,178,1,129,4,0.724719101123595,0.0224719101123595,0.00561797752808989,96,6786.15652173913,91,4,2012,1,390204,1696.53913043478,22.7378357904551,
PCS,AppleTree Early Learning PCS Southeast,"2017 Savannah Terrace, SE",230,NA,NA,PK3-K," 	17,161 ",Facility Allowance,1560816,NA,NA,0,-76.9746704,38.8485617,8,NA,NA,178,1,129,4,0.724719101123595,0.0224719101123595,0.00561797752808989,96,6786.15652173913,91,4,2012,1,390204,1696.53913043478,22.7378357904551,
DCPS,Ballou HS,3401 4th St  SE,1520,Full,2015,HS," 	356,000 ",FULL REPLACEMENT," $	141,737,725 ",4007,162976011,0,-77.000975263,38.839382331,8,.,,755,0,644,276,0.852980132450331,0.365562913907285,0,472,93248.5032894737,398,NA,NA,1,NA,NA,NA,
DCPS,Ballou STAY,3401 4th St  SE,,Full,2015,HS, 	-   ,, $	-   ,0,0,0,-77.000975263,38.839382331,8,NA,NA,591,0,0,52,0,0.0879864636209814,0,602,93248.5032894737,398,NA,NA,1,NA,NA,NA,
DCPS,Bancroft ES,1755 Newton St  NW,563,Phase 0,NA,ES," 	79,792 ",STABILIZED,1446450,59943000,66496000,1,-77.040553444,38.934318023,1,Deal MS,Wilson HS,508,279,181,54,0.356299212598425,0.106299212598425,0.549212598425197,157,2569.18294849023,18,NA,NA,1,NA,NA,NA,
DCPS,Barnard ES,430 Decatur St  NW,486,Full,2003,ES," 	72,496 ",FULL REPLACEMENT,17867772,0,17867772,1,-77.01777708,38.948230613,4,Truesdell or West EC (6th-8th),Roosevelt HS,602,193,284,72,0.471760797342193,0.119601328903654,0.320598006644518,120,36764.962962963,246,NA,NA,1,NA,NA,NA,
PCS,Basis DC PCS,"410 8th Street, NW",1062,NA,NA,MS/HS," 	44,179 ",Facility Allowance,4551672,NA,NA,1,-77.0233079,38.8953055,6,NA,NA,551,0,48,23,0.0871143375680581,0.0417422867513612,0,80,4285.94350282486,103,3,2013,1,1517224,1428.64783427495,34.3426514860001,
DCPS,Beers ES,3600 Alabama Ave  SE,430,Phase I,2013,ES," 	77,488 ",PARTIAL MOD,14813933,-24188,15123196,1,-76.95560475,38.864349505,7,Sousa MS,Anacostia HS,438,1,243,79,0.554794520547945,0.180365296803653,0.00228310502283105,177,34451.0069767442,191,NA,NA,1,NA,NA,NA,
DCPS,Benjamin Banneker HS,800 Euclid St  NW,620,Phase 0,NA,HS," 	180,000 ",STABILIZED,671104,77074000,78745104,1,-77.023976968,38.923832421,1,,,449,3,113,0,0.251670378619154,0,0.0066815144766147,401,1082.42580645161,4,NA,NA,1,NA,NA,NA,
DCPS,bowen,NA,NA,NA,NA,NA," 	71,900 ",STABILIZED,0,0,0,1,NA,NA,6,NA,NA,NA,NA,NA,NA,NA,NA,NA,NA,NA,0,NA,NA,0,NA,NA,NA,
DCPS,Brent ES,301 North Carolina Ave  SE,369,Phase I,2009,ES," 	47,500 ",PARTIAL MOD,4475354,0,4485194,1,-77.00145985,38.884800874,6,Jefferson Acad. MS,Eastern HS,368,5,23,22,0.0625,0.0597826086956522,0.0135869565217391,129,12128.3306233062,94,NA,NA,1,NA,NA,NA,
PCS,Bridges PCS,1244 Taylor Street. NW,534,NA,NA,ES," 	20,676 ",Facility Allowance,3405436,NA,NA,0,-77.0283582,38.9407171,4,NA,NA,272,102,93,77,0.341911764705882,0.283088235294118,0.375,76,6377.22097378277,165,10,2006,1,340543.6,637.722097378277,16.4704778487135,
PCS,Bridges PCS,"1250 Taylor Street, NW",534,NA,NA,ES," 	20,676 ",Facility Allowance,3405436,NA,NA,0,-77.0285894,38.9405054,4,NA,NA,272,102,93,77,0.341911764705882,0.283088235294118,0.375,76,6377.22097378277,165,10,2006,1,340543.6,637.722097378277,16.4704778487135,
PCS,Bridges PCS,"4300 13th Street NW
",534,NA,NA,ES," 	20,676 ",Facility Allowance,3405436,NA,NA,0,-77.03121,38.94344,4,NA,NA,272,102,93,77,0.341911764705882,0.283088235294118,0.375,76,6377.22097378277,165,10,2006,1,340543.6,637.722097378277,16.4704778487135,
DCPS,Brightwood EC,1300 Nicholson St NW,584,Full,2005,ES/MS," 	78,000 ",FULL MOD + ADD,22265461,0,22269148,1,-77.030688846,38.960535392,4,,Coolidge HS,639,379,302,78,0.472613458528951,0.122065727699531,0.593114241001565,122,38125.7893835616,285,NA,NA,1,NA,NA,NA,
PCS,Briya Public Charter School,"1755 Newton Street, NW",663,NA,NA,ADULT," 	26,940 ",Facility Allowance,8206459,NA,NA,0,-77.0405163,38.9347901,1,NA,NA,492,50,20,5,0.040650406504065,0.0101626016260163,0.101626016260163,55,12377.766214178,305,9,2007,1,911828.777777778,1375.30735713089,33.8466509939784,
PCS,Briya Public Charter School,"2333 Ontario Road, NW (Main Office)",663,NA,NA,ADULT," 	26,940 ",Facility Allowance,8206459,NA,NA,0,-77.0368707,38.9071923,2,NA,NA,492,50,20,5,0.040650406504065,0.0101626016260163,0.101626016260163,55,12377.766214178,305,9,2007,1,911828.777777778,1375.30735713089,33.8466509939784,
PCS,Briya Public Charter School,"3912 Georgia Avenue, NW",663,NA,NA,ADULT," 	26,940 ",Facility Allowance,8206459,NA,NA,0,-77.0250314,38.9391892,4,NA,NA,492,50,20,5,0.040650406504065,0.0101626016260163,0.101626016260163,55,12377.766214178,305,9,2007,1,911828.777777778,1375.30735713089,33.8466509939784,
DCPS,Brookland MS," 1150  Michigan Avenue, NE",540,Full,2014,MS," 	110,000 ",FULL REPLACEMENT,58053351,-1202174,62711400,1,-76.99182,38.93741,5,NA,Dunbar HS,NA,NA,NA,NA,NA,NA,NA,NA,NA,528,NA,NA,1,NA,NA,NA,
DCPS,Browne EC,850 26th St  NE,804,Phase 0,NA,ES/MS," 	215,392 ",STABILIZED,131951,20636000,23793129,1,-76.970667058,38.902598548,5,,Eastern HS,353,23,241,56,0.68271954674221,0.158640226628895,0.0651558073654391,610,164.11815920398,1,NA,NA,1,NA,NA,NA,
DCPS,Bruce-Monroe ES @ Park View,3560 Warder St  NW,609,Phase I,2012,ES," 	82,192 ",PARTIAL MOD,11264300,0,17026865,1,-77.021185666,38.934413761,1,CHEC (6-8),Cardozo EC (9-12),465,NA,235,NA,NA,NA,NA,NA,18496.3875205255,137,NA,NA,1,NA,NA,NA,
DCPS,brucemonroe-demolished,NA,NA,NA,NA,NA," 	110,700 ",DEMOLISHED,1499358,0," 	1,499,358 ",1,NA,NA,1,NA,NA,NA,NA,NA,NA,NA,NA,NA,NA,NA,14,NA,NA,0,NA,NA,NA,
DCPS,Bunker Hill ES,1401 Michigan Ave  NE,480,Phase I,2012,ES," 	69,392 ",PARTIAL MOD,6533765,0,6544178,1,-76.984995636,38.942012134,5,Brookland MS,Dunbar HS,225,NA,108,NA,NA,NA,NA,NA,13612.0104166667,94,NA,NA,1,NA,NA,NA,
DCPS,Burroughs ES,1820 Monroe St  NE,450,Phase I,2013,ES," 	69,696 ",PARTIAL MOD + ADD,8239048,0,8866114,1,-76.97845637,38.933502326,5,Brookland MS,Dunbar HS,297,14,156,53,0.525252525252525,0.178451178451178,0.0471380471380471,235,18308.9955555556,118,NA,NA,1,NA,NA,NA,
DCPS,Burrville ES,801 Division Ave  NE,400,Phase I,2010,ES," 	94,992 ",PARTIAL MOD,2991980,0,2996347,1,-76.92445918,38.900565431,7,Kelly Miller MS,Woodson HS,360,2,244,36,0.677777777777778,0.1,0.00555555555555556,264,7479.95,31,NA,NA,1,NA,NA,NA,
DCPS,C.W. Harris ES,301 53rd St  SE,438,Phase 0,NA,ES," 	56,000 ",STABILIZED,0,12606000,12606000,1,-76.926115499,38.883598497,7,Kelly Miller MS,Woodson HS,291,2,229,40,0.786941580756014,0.13745704467354,0.00687285223367698,192,0,0,NA,NA,1,NA,NA,NA,
PCS,Capital City High School PCS,"102 Peabody Street, NW",NA,NA,NA,HS," 	57,033 ",Facility Allowance,5546488,NA,NA,1,-77.0113808,38.9626905,4,NA,NA,329,50,148,60,0.449848024316109,0.182370820668693,0.151975683890578,173,NA,97,6,2010,1,924414.666666667,NA,16.2084173490202,
PCS,Capital City Lower PCS,"100 Peabody Street, NW",1180,NA,NA,ES," 	57,033 ",Facility Allowance,5829980,NA,NA,1,-77.0126091,38.9623344,4,NA,NA,322,95,72,15,0.22360248447205,0.046583850931677,0.295031055900621,177,4940.66101694915,102,7,2009,1,832854.285714286,705.808716707022,14.6030243142441,
PCS,Capital City Middle School,"101 Peabody Street, NW",NA,NA,NA,MS," 	57,033 ",Facility Allowance,3252992,NA,NA,1,-77.0110697,38.9627222,4,NA,NA,320,38,111,56,0.346875,0.175,0.11875,178,NA,57,4,2009,1,813248,NA,14.2592534146897,
DCPS,Capitol Hill Montessori,215 G Street NE,360,Phase 0,NA,ES/MS," 	47,200 ",STABILIZED,975866,11987136,14637256,1,-77.002562701,38.898529974,6,NA,Eastern HS,310,NA,25,NA,NA,NA,NA,NA,2710.73888888889,21,NA,NA,1,NA,NA,NA,
DCPS,Cardozo EC,1200 Clifton St. NW,1070,Full,2013,MS/HS," 	397,400 ",FULL MOD + ADD,131527974,0,132124454,1,-77.028470794,38.922172198,1,,,781,266,573,188,0.733674775928297,0.240717029449424,0.340588988476312,509,122923.340186916,331,NA,NA,1,NA,NA,NA,
PCS,Carlos Rosario International PCS Harvard Street Campus,"514 V Street, NE",1614,NA,NA,ADULT," 	132,000 ",Facility Allowance,57276227,NA,NA,0,-76.9986344,38.9183706,5,NA,NA,1973,113,0,0,0,0,0.05727318803852,67,35487.1294919455,434,17,1999,1,3369189.82352941,2087.47820540856,25.5241653297683,
PCS,Carlos Rosario International PCS Harvard Street Campus,"1100 Harvard Street, NW",1614,NA,NA,ADULT," 	132,000 ",Facility Allowance,57276227,NA,NA,0,-77.0276499,38.9263689,1,NA,NA,1973,113,0,0,0,0,0.05727318803852,67,35487.1294919455,434,17,1999,1,3369189.82352941,2087.47820540856,25.5241653297683,
PCS,Cedar Tree Academy PCS,"701 Howard Road, SE",650,NA,NA,PK3-K," 	31,000 ",Facility Allowance,2065776,NA,NA,1,-76.999207,38.8641137,8,NA,NA,358,0,261,9,0.729050279329609,0.0251396648044693,0,87,3178.11692307692,67,2,2014,1,1032888,1589.05846153846,33.3189677419355,
PCS,Center City Brightwood Campus PCS,"6008 Georgia Avenue, NW",567,NA,NA,ES/MS," 	37,010 ",Facility Allowance,4766091,NA,NA,1,-77.02838,38.9631991,4,NA,NA,248,55,80,26,0.32258064516129,0.104838709677419,0.221774193548387,149,8405.80423280423,129,7,2009,1,680870.142857143,1200.82917611489,18.3969236113792,
PCS,Center City Capitol Hill Campus PCS,"1503 East Capitol Street, SE",534,NA,NA,ES/MS," 	40,037 ",Facility Allowance,4699097,NA,NA,1,-76.9835459,38.8897865,6,NA,NA,239,0,112,23,0.468619246861925,0.096234309623431,0,168,8799.80711610487,117,7,2009,1,671299.571428571,1257.1153023007,16.7669798293721,
PCS,Center City Congress Heights Campus PCS,"220 Highview Place, SE",341,NA,NA,ES/MS," 	27,000 ",Facility Allowance,4770011,NA,NA,1,-77.0045487,38.8415048,8,NA,NA,257,0,172,19,0.669260700389105,0.0739299610894942,0,105,13988.3020527859,177,7,2009,1,681430.142857143,1998.3288646837,25.2381534391534,
PCS,Center City Petworth Campus PCS,"510 Webster Street, NW",425,NA,NA,ES/MS," 	30,825 ",Facility Allowance,4949770,NA,NA,1,-77.0208684,38.9437731,4,NA,NA,262,53,97,19,0.370229007633588,0.0725190839694656,0.202290076335878,118,11646.5176470588,161,7,2009,1,707110,1663.78823529412,22.939497161395,
PCS,Center City Shaw Campus PCS,"711 N Street, NW",350,NA,NA,ES/MS," 	29,240 ",Facility Allowance,4824166,NA,NA,1,-77.0224536,38.9074837,2,NA,NA,241,34,113,29,0.468879668049793,0.120331950207469,0.141078838174274,121,13783.3314285714,165,7,2009,1,689166.571428571,1969.04734693878,23.5693081883916,
PCS,Center City Trinidad Campus PCS,"1217 W  Virginia Avenue, NE",434,NA,NA,ES/MS," 	23,313 ",Facility Allowance,4651663,NA,NA,1,-76.991479,38.905386,5,NA,NA,236,4,132,26,0.559322033898305,0.110169491525424,0.0169491525423729,99,10718.1175115207,200,7,2009,1,664523.285714286,1531.15964450296,28.5044089441207,
PCS,Cesar Chavez Capitol Hill PCS,"709 12th Street, SE",430,NA,NA,HS," 	40,000 ",Facility Allowance,12075294,NA,NA,1,-76.9907031,38.8807813,6,NA,NA,358,21,225,70,0.628491620111732,0.195530726256983,0.058659217877095,112,28082.0790697674,302,10,2006,1,1207529.4,2808.20790697674,30.188235,
PCS,Cesar Chavez Parkside MS PCS,"3702 Hayes Street,  NE",NA,NA,NA,MS," 	30,870 ",Facility Allowance,16948761,NA,NA,1,-76.9500149,38.9029444,7,NA,NA,303,8,204,42,0.673267326732673,0.138613861386139,0.0264026402640264,102,NA,549,10,2006,1,1694876.1,NA,54.9036637512148,
PCS,Cesar Chavez PCS Chavez Prep,"770 Kenyon Street, NW",420,NA,NA,MS," 	36,059 ",Facility Allowance,6096304,NA,NA,1,-77.025605,38.929581,1,NA,NA,331,94,170,48,0.513595166163142,0.145015105740181,0.283987915407855,109,14515.0095238095,169,8,2008,1,762038,1814.37619047619,21.1330874400288,
PCS,Cesar Chavez PCS Parkside Upper,"3701 Hayes Street,  NE",834,NA,NA,HS," 	36,015 ",Facility Allowance,3379632,NA,NA,1,-76.9491059,38.9013653,7,NA,NA,356,7,228,40,0.640449438202247,0.112359550561798,0.0196629213483146,101,4052.31654676259,94,3,2013,1,1126544,1350.7721822542,31.2798556157157,
DCPS,CHOICE Academy at Emery,1720 1st St NE,NA,NA,NA,ALT," 	63,800 ",STABILIZED,NA,NA,NA,NA,-77.006775952,38.913502755,5,NA,NA,5,0,0,0,0,0,0,NA,NA,NA,NA,NA,NA,NA,NA,NA,
DCPS,Cleveland ES,1825 8th St  NW,320,Full,2004,ES," 	53,000 ",FULL MOD + ADD,20270264,0,20270264,1,-77.022707176,38.915144954,1,Cardozo EC (6-8),Cardozo EC (9-12),308,47,137,36,0.444805194805195,0.116883116883117,0.152597402597403,172,63344.575,382,NA,NA,1,NA,NA,NA,
DCPS,Columbia Heights EC (CHEC),3101 16th St  NW,1400,Full,2006,MS/HS," 	325,218 ",FULL REPLACEMENT,78652173,0,78652173,1,-77.035858309,38.929544434,1,,Cardozo HS (9-12),1384,429,744,153,0.53757225433526,0.110549132947977,0.309971098265896,235,56180.1235714286,242,NA,NA,1,NA,NA,NA,
PCS,Community Academy Amos I,"1300 Allison Street, NW",957,NA,NA,ES," 	55,000 ",Facility Allowance,13482960,NA,NA,1,-77.030868,38.944517,4,NA,NA,590,213,261,53,0.442372881355932,0.0898305084745763,0.361016949152542,93,14088.7774294671,245,10,2006,1,1348296,1408.87774294671,24.5144727272727,
PCS,Community Academy Amos II,"33 Riggs Road, NE",600,NA,NA,ES," 	50,600 ",Facility Allowance,5565731,NA,NA,1,-77.006643,38.9549208,5,NA,NA,329,86,193,18,0.586626139817629,0.0547112462006079,0.261398176291793,154,9276.21833333333,110,10,2006,1,556573.1,927.621833333333,10.9994683794466,
PCS,Community Academy Butler Global,"1400 1st Street, NW",1020,NA,NA,ES," 	100,000 ",Facility Allowance,7549324,NA,NA,1,-77.0132341,38.9090757,5,NA,NA,523,51,272,35,0.520076481835564,0.0669216061185468,0.0975143403441683,191,7401.29803921569,75,10,2006,1,754932.4,740.129803921569,7.549324,
PCS,Community Academy CAPCS Online,"1351 Nicholson Street, NW",217,NA,NA,ES/MS," 	20,100 ",Facility Allowance,3128675,NA,NA,1,-77.031579,38.9604804,4,NA,NA,123,0,43,21,0.349593495934959,0.170731707317073,0,163,14417.8571428571,156,9,2007,1,347630.555555556,1601.98412698413,17.2950525152018,
PCS,Community College Preparatory Academy PCS,"2405 Martin Luther King Jr. Avenue, SE",155,NA,NA,ADULT," 	11,000 ",Facility Allowance,1339656,NA,NA,1,-76.9927263,38.8628141,8,NA,NA,273,0,0,1,0,0.00366300366300366,0,40,8642.94193548387,122,2,2014,1,669828,4321.47096774194,60.8934545454545,
DCPS,Coolidge HS,6315 5th St  NW,1105,Phase 0,NA,HS," 	271,300 ",STABILIZED,2537691,116633000,122176717,1,-77.019578251,38.967284215,4,,,395,50,301,104,0.762025316455696,0.263291139240506,0.126582278481013,687,2296.55294117647,9,NA,NA,1,NA,NA,NA,
PCS,Creative Minds International PCS,"3224 16th Street, NW",203,NA,NA,ES," 	17,976 ",Facility Allowance,1282032,NA,NA,1,-77.0368058,38.9315518,1,NA,NA,181,10,22,48,0.121546961325967,0.265193370165746,0.0552486187845304,99,6315.42857142857,71,3,2013,1,427344,2105.14285714286,23.7730307076101,
PCS,D C  Bilingual PCS,"1420 Columbia Road, NW",809,NA,NA,ES," 	75,000 ",Facility Allowance,9258495,NA,NA,0,-77.0332308,38.927174,1,NA,NA,364,180,130,56,0.357142857142857,0.153846153846154,0.494505494505495,206,11444.369592089,123,11,2005,1,841681.363636364,1040.39723564445,11.2224181818182,
PCS,D C  Bilingual PCS,"3029 14th Street, NW",809,NA,NA,ES," 	75,000 ",Facility Allowance,9258495,NA,NA,0,-77.0322034,38.9283049,1,NA,NA,364,180,130,56,0.357142857142857,0.153846153846154,0.494505494505495,206,11444.369592089,123,11,2005,1,841681.363636364,1040.39723564445,11.2224181818182,
PCS,D C  Preparatory Benning Campus PCS,"100 41st Street, NE",849,NA,NA,ES," 	80,352 ",Facility Allowance,6611687,NA,NA,1,-76.9449133,38.890775,7,NA,NA,442,8,231,22,0.52262443438914,0.0497737556561086,0.0180995475113122,182,7787.617196702,82,7,2009,1,944526.714285714,1112.516742386,11.7548625334244,
PCS,D C  Preparatory Edgewood Elementary Campus PCS,"707 Edgewood Street, NE",499,NA,NA,ES," 	50,050 ",Facility Allowance,9341738,NA,NA,1,-76.9955558,38.9241765,5,NA,NA,432,20,197,28,0.456018518518519,0.0648148148148148,0.0462962962962963,116,18720.9178356713,187,8,2008,1,1167717.25,2340.11472945892,23.331013986014,
PCS,D C  Preparatory Edgewood Middle Campus PCS," 701 Edgewood Street, NE",340,NA,NA,MS," 	39,746 ",Facility Allowance,6749878,NA,NA,1,-76.9959848,38.9247765,5,NA,NA,294,1,101,46,0.343537414965986,0.156462585034014,0.00340136054421769,135,19852.5823529412,170,8,2008,1,843734.75,2481.57279411765,21.2281676143511,
PCS,D C Preparatory Benning Middle Campus,"101 41st Street, NE",NA,NA,NA,MS," 	26,784 ",Facility Allowance,697944,NA,NA,1,-76.944288,38.891529,7,NA,NA,152,1,67,22,0.440789473684211,0.144736842105263,0.00657894736842105,176,NA,26,2,2014,1,348972,NA,13.0291218637993,
PCS,DC Scholars PCS,"5601 East Capitol Street, SE",443,NA,NA,ES," 	31,000 ",Facility Allowance,2641008,NA,NA,1,-76.9216306,38.8893227,7,NA,NA,389,0,252,38,0.647814910025707,0.0976863753213368,0,80,5961.64334085779,85,3,2013,1,880336,1987.2144469526,28.397935483871,
DCPS,DCPS MultiSchool,NA,NA,NA,NA,NA," 	12,000,000 ",NA,1392424292,242169537,1669108197,1,NA,NA,NA,NA,NA,NA,NA,NA,NA,NA,NA,NA,NA,NA,116,NA,NA,1,NA,NA,NA,
DCPS,Deal MS,3815 Fort Dr  NW,1370,Full,2014,MS," 	223,689 ",FULL MOD + ADD,73524856,0,74154641,1,-77.075199068,38.952896407,3,,Wilson HS,1312,47,99,166,0.0754573170731707,0.126524390243902,0.0358231707317073,170,53667.7781021898,329,NA,NA,1,NA,NA,NA,
PCS,Democracy Prep PCS-Congress Heights,"3100 Martin Luther King Jr. Avenue, SE",890,NA,NA,ES," 	42,528 ",Facility Allowance,1904640,NA,NA,1,-76.9981457,38.8434987,8,NA,NA,620,1,436,70,0.703225806451613,0.112903225806452,0.00161290322580645,69,2140.04494382022,45,1,2015,1,1904640,2140.04494382022,44.7855530474041,
PCS,District of Columbia International School,"3220 16th Street, NW",308,NA,NA,MS," 	20,217 ",Facility Allowance,645120,NA,NA,1,-77.0367897,38.9313597,1,NA,NA,210,26,44,40,0.20952380952381,0.19047619047619,0.123809523809524,96,2094.54545454545,32,1,2015,1,645120,2094.54545454545,31.9097788989464,
DCPS,Dorothy Height ES,NA,NA,NA,NA,NA,NA,NA,NA,NA,NA,NA,-77.03087,38.94452,4,NA,NA,NA,NA,NA,NA,NA,NA,NA,NA,NA,NA,NA,NA,NA,NA,NA,NA,
DCPS,Drew ES,5600 Eads St  NE,362,Phase I,2010,ES," 	72,800 ",PARTIAL MOD,4898637,0,4938279,1,-76.919927008,38.89599364,7,Kelly Miller MS,Woodson HS,201,0,166,34,0.825870646766169,0.169154228855721,0,362,13532.1464088398,67,NA,NA,1,NA,NA,NA,
DCPS,Dunbar HS,101 N St. NW,1100,Full,2013,HS," 	260,000 ",FULL REPLACEMENT,122897293,-250000,125144890,1,-77.014693861,38.908523215,5,,,653,6,483,198,0.739663093415008,0.303215926493109,0.00918836140888208,398,111724.811818182,473,NA,NA,1,NA,NA,NA,
PCS,E L  Haynes PCS Georgia Avenue,"3600 Georgia Avenue, NW",516,NA,NA,MS," 	45,484 ",Facility Allowance,6850144,NA,NA,1,-77.0243669,38.9343788,1,NA,NA,377,54,157,77,0.416445623342175,0.204244031830239,0.143236074270557,121,13275.4728682171,151,6,2010,1,1141690.66666667,2212.57881136951,25.1009292645033,
PCS,E.L. Haynes Kansas Avenue - High School,"4501 Kansas Avenue, NW",861,NA,NA,HS," 	17,647 ",Facility Allowance,5596776,NA,NA,1,-77.022371,38.945657,4,NA,NA,422,66,218,90,0.516587677725118,0.213270142180095,0.156398104265403,42,6500.32055749129,317,5,2011,1,1119355.2,1300.06411149826,63.4303394344648,
PCS,E.L. Haynes PCS Kansas Avenue (Elementary School),"4502 Kansas Avenue, NW",NA,NA,NA,ES," 	53,800 ",Facility Allowance,2661384,NA,NA,1,-77.0234943,38.9451898,4,NA,NA,358,108,126,39,0.35195530726257,0.108938547486034,0.301675977653631,150,NA,49,3,2012,1,887128,NA,16.4893680297398,
PCS,Eagle Academy PCS - Eagle Center at McGogney,"3400 Wheeler Road, SE",1241,NA,NA,ES," 	60,000 ",Facility Allowance,10094728,NA,NA,1,-76.9936441,38.8406263,8,NA,NA,774,2,466,83,0.602067183462532,0.107235142118863,0.00258397932816537,78,8134.34971796938,168,6,2010,1,1682454.66666667,1355.7249529949,28.0409111111111,
PCS,Eagle Academy PCS New Jersey Avenue Campus,"1017 New Jersey Avenue, SE",190,NA,NA,ES," 	8,500 ",Facility Allowance,2333312,NA,NA,1,-77.0051215,38.877859,6,NA,NA,146,0,79,11,0.541095890410959,0.0753424657534247,0,58,12280.5894736842,275,6,2010,1,388885.333333333,2046.7649122807,45.7512156862745,
PCS,Early Childhood Academy PCS,"4025 9th Street, SE",233,NA,NA,ES," 	15,458 ",Facility Allowance,4742251,NA,NA,0,-76.990566,38.8317414,8,NA,NA,259,0,167,22,0.644787644787645,0.0849420849420849,0,76,15807.5033333333,242,8,2006,1,592781.375,1975.93791666667,30.2223603038646,
PCS,Early Childhood Academy PCS,"4301 9th Street, SE ",67,NA,NA,ES," 	4,458 ",Facility Allowance,4742251,NA,NA,0,-76.989567,38.8310119,8,NA,NA,259,0,167,22,0.644787644787645,0.0849420849420849,0,76,15807.5033333333,242,8,2006,1,592781.375,1975.93791666667,30.2223603038646,
DCPS,Eastern HS,1700 East Capitol St NE,1100,Full,2010,HS," 	310,721 ",FULL MOD,74502874,0,74503071,1,-76.979684293,38.890402328,6,,,1025,3,714,296,0.696585365853658,0.288780487804878,0.00292682926829268,303,67729.8854545455,240,NA,NA,1,NA,NA,NA,
DCPS,Eaton ES,3301 Lowell St  NW,415,Phase 0,NA,ES," 	49,096 ",STABILIZED,81414,15552000,15633414,1,-77.065821138,38.932726738,3,Hardy MS,Eastern HS,257,2,161,63,0.626459143968872,0.245136186770428,0.00778210116731518,191,196.178313253012,2,NA,NA,1,NA,NA,NA,
DCPS,Eliot-Hine MS,1830 Constitution Ave  NE,742,Phase 0,NA,MS," 	155,072 ",STABILIZED,210957,40911043,42653975,1,-76.978977919,38.892431159,6,,Eastern HS,257,2,161,63,0.626459143968872,0.245136186770428,0.00778210116731518,603,284.308625336927,1,NA,NA,1,NA,NA,NA,
DCPS,Ellington School of the Arts,3500 R St NW,500,Full,2017,HS," 	258,072 ",FULL MOD + ADD,34081441,61688778,180437856,1,-77.070307568,38.913446043,2,,,523,5,175,25,0.334608030592734,0.0478011472275335,0.00956022944550669,320,NA,203,NA,NA,1,NA,NA,NA,
PCS,Elsie Whitlow Stokes Community Freedom PCS,"3700 Oakview Terrace, NE",450,NA,NA,ES," 	32,341 ",Facility Allowance,11118784,NA,NA,1,-76.9899667,38.934916,5,NA,NA,350,63,62,26,0.177142857142857,0.0742857142857143,0.18,92,24708.4088888889,344,17,1999,1,654046.117647059,1453.43581699346,20.223435195172,
PCS,Excel Academy PCS,"2501 Martin Luther King Jr. Avenue, SE",1292,NA,NA,ES," 	67,508 ",Facility Allowance,8332774,NA,NA,1,-76.9952947,38.8600148,8,NA,NA,569,0,366,23,0.64323374340949,0.0404217926186292,0,119,6449.51547987616,123,7,2009,1,1190396.28571429,921.359354268023,17.6334106433946,
PCS,Excel Academy PCS LEAD,"2502 Martin Luther King Jr. Avenue, SE",NA,NA,NA,MS," 	19,288 ",Facility Allowance,476160,NA,NA,1,-76.9939568,38.8608853,8,NA,NA,155,0,100,27,0.645161290322581,0.174193548387097,0,124,NA,25,1,2015,1,476160,NA,24.6868519286603,
DCPS,ferebeehope,NA,NA,NA,NA,NA," 	193,800 ",PARTIAL MOD," $	4,532,419 ",0,4532419,1,NA,NA,8,NA,NA,NA,NA,NA,NA,NA,NA,NA,NA,NA,23,NA,NA,0,NA,NA,NA,
PCS,Friendship PCS Blow Pierce Elementary,"725 19th Street, NE",925,NA,NA,ES," 	52,944 ",Facility Allowance,20538240,NA,NA,1,-76.976256,38.898544,7,NA,NA,379,6,289,14,0.762532981530343,0.0369393139841689,0.0158311345646438,140,22203.5027027027,388,12,2003,1,1711520,1850.29189189189,32.3269870051375,
PCS,Friendship PCS Blow-Pierce Middle,"725 19th Street, NE",NA,NA,NA,MS,NA,Facility Allowance,654336,NA,NA,1,-76.976256,38.898544,7,NA,NA,213,1,147,42,0.690140845070423,0.197183098591549,0.00469483568075117,NA,NA,NA,1,2015,1,654336,NA,NA,
PCS,Friendship PCS Chamberlain Elementary,"1345 Potomac Avenue, SE",1046,NA,NA,ES," 	80,860 ",Facility Allowance,23717234,NA,NA,1,-76.986715,38.879337,6,NA,NA,375,1,235,18,0.626666666666667,0.048,0.00266666666666667,216,22674.2198852772,293,12,2003,1,1976436.16666667,1889.5183237731,24.4426931321626,
PCS,Friendship PCS Chamberlain Middle,"1345 Potomac Avenue, SE",NA,NA,NA,MS,NA,Facility Allowance,1053696,NA,NA,1,-76.986715,38.879337,6,NA,NA,343,0,200,59,0.583090379008746,0.17201166180758,0,NA,NA,NA,1,2015,1,1053696,NA,NA,
PCS,Friendship PCS SouthEast Academy,"645 Milwaukee Place, SE",950,NA,NA,ES," 	58,539 ",Facility Allowance,17344193,NA,NA,1,-76.996974,38.847472,8,NA,NA,576,0,412,56,0.715277777777778,0.0972222222222222,0,102,18257.0452631579,296,12,2003,1,1445349.41666667,1521.42043859649,24.6903673904007,
PCS,Friendship PCS Tech Prep,"2705 Martin Luther King Jr. Avenue, SE",1048,NA,NA,MS/HS," 	66,349 ",Facility Allowance,6129328,NA,NA,0,-76.996307,38.848279,8,NA,NA,499,1,353,90,0.707414829659319,0.180360721442886,0.00200400801603206,133,5848.59541984733,92,6,2010,1,1021554.66666667,974.765903307888,15.3966852050018,
PCS,Friendship PCS Woodridge Elementary,"2959 Carlton Avenue, NE",600,NA,NA,ES," 	37,000 ",Facility Allowance,18909379,NA,NA,1,-76.9662004,38.9294874,5,NA,NA,284,8,127,12,0.447183098591549,0.0422535211267606,0.028169014084507,130,31515.6316666667,511,12,2003,1,1575781.58333333,2626.30263888889,42.5886914414414,
PCS,Friendship PCS Woodridge Middle,"2960 Carlton Avenue, NE",NA,NA,NA,MS,NA,Facility Allowance,516096,NA,NA,1,-76.967187,38.930047,5,NA,NA,168,1,75,35,0.446428571428571,0.208333333333333,0.00595238095238095,NA,NA,NA,1,2015,1,516096,NA,NA,
PCS,Friendship PCS Woodson Collegiate Academy,"4095 Minnesota Avenue, NE",1500,NA,NA,HS," 	152,000 ",Facility Allowance,37822656,NA,NA,1,-76.9459338,38.897574,7,NA,NA,883,0,517,165,0.585503963759909,0.186862967157418,0,172,25215.104,249,12,2003,1,3151888,2101.25866666667,20.7361052631579,
DCPS,Garfield ES,2435 Alabama Ave  SE,365,Phase 0,NA,ES," 	58,904 ",STABILIZED," $	1,082,203 ",12583908,14338493,1,-76.970804777,38.851733042,8,Johnson MS,Ballou HS,284,0,233,35,0.820422535211268,0.123239436619718,0,207,2964.9397260274,18,NA,NA,1,NA,NA,NA,
DCPS,garnettpatterson,NA,NA,NA,NA,NA," 	82,700 ",STABILIZED,5560714,0,5560714,1,NA,NA,1,NA,NA,NA,NA,NA,NA,NA,NA,NA,NA,NA,67,NA,NA,0,NA,NA,NA,
DCPS,Garrison ES,1200 S St  NW,356,Phase 0,NA,ES," 	60,200 ",STABILIZED,655646,2.00E+07,2.40E+07,1,-77.028612556,38.913900957,2,Cardozo EC (6-8),Cardozo EC (9-12),244,35,117,40,0.479508196721311,0.163934426229508,0.14344262295082,247,1841.70224719101,11,NA,NA,1,NA,NA,NA,
DCPS,H.D. Cooke ES,2525 17th St NW,440,Full,2009,ES," 	85,696 ",FULL MOD + ADD,32500688,0,32500688,1,-77.038810584,38.923942751,1,CHEC (6-8),Cardozo EC (9-12),400,164,215,42,0.5375,0.105,0.41,214,73865.2,379,NA,NA,1,NA,NA,NA,
DCPS,Hardy MS,1819 35th St  NW,485,Full,2008,MS," 	107,200 ",FULL MOD + ADD,50758871,0,50758871,1,-77.068613896,38.915508698,2,,Wilson HS,386,NA,96,NA,NA,NA,NA,NA,104657.465979381,473,NA,NA,1,NA,NA,NA,
PCS,Harmony DC PCS-School of Excellence,"62 T Street, NE",220,NA,NA,ES," 	20,000 ",Facility Allowance,202752,NA,NA,1,-77.0066585,38.916063,5,NA,NA,66,0,40,8,0.606060606060606,0.121212121212121,0,303,921.6,10,1,2015,1,202752,921.6,10.1376,
DCPS,Hart MS,601 Mississippi Ave  SE,912,Phase I,2011,MS," 	210,700 ",PARTIAL MOD," $	13,075,759 ",0,13214760,1,-76.997178747,38.837737537,8,NA,Ballou HS,479,0,393,128,0.820459290187891,0.267223382045929,0,440,14337.4550438596,62,NA,NA,1,NA,NA,NA,
DCPS,Hearst ES,3950 37th St  NW,330,Full,2015,ES," 	62,309 ",FULL MOD + ADD,35678706,361277,43433519,1,-77.071955219,38.940722313,3,Deal MS,Wilson HS,291,28,39,25,0.134020618556701,0.0859106529209622,0.0962199312714777,214,108117.290909091,573,NA,NA,1,NA,NA,NA,
DCPS,Hendley ES,425 Chesapeake St  SE,520,Phase I,2013,ES," 	73,200 ",PARTIAL MOD," $	15,937,127 ",0,16150915,1,-76.999184846,38.82898558,8,Hart MS,Ballou HS,503,0,453,84,0.900596421471173,0.166998011928429,0,146,30648.3211538462,218,NA,NA,1,NA,NA,NA,
PCS,Hope Community PCS Lamond Campus,"6200 Kansas Avenue, NE",500,NA,NA,ES," 	41,000 ",Facility Allowance,8335030,NA,NA,1,-77.0085903,38.9658162,4,NA,NA,358,13,148,22,0.41340782122905,0.0614525139664804,0.0363128491620112,115,16670.06,203,8,2008,1,1041878.75,2083.7575,25.4116768292683,
PCS,Hope Community PCS Tolson Campus,"2917 8th Street, NE",540,NA,NA,ES/MS," 	33,571 ",Facility Allowance,9509758,NA,NA,1,-76.9946003,38.927028,5,NA,NA,517,34,264,43,0.51063829787234,0.0831721470019342,0.0657640232108317,65,17610.662962963,283,8,2008,1,1188719.75,2201.33287037037,35.4091254356439,
DCPS,Houston ES,1100 50th Pl  NE,398,Phase 0,NA,ES," 	59,896 ",STABILIZED,1191032,15693000,16943000,1,-76.929947647,38.905414986,7,Kelly Miller MS,Woodson HS,279,3,209,40,0.74910394265233,0.14336917562724,0.010752688172043,215,2992.54271356784,20,NA,NA,1,NA,NA,NA,
PCS,Howard University Middle School of Math and Science PCS,"405 Howard Place, NW",435,NA,NA,MS," 	20,968 ",Facility Allowance,8215644,NA,NA,1,-77.0188757,38.9228511,1,NA,NA,294,11,115,9,0.391156462585034,0.0306122448979592,0.0374149659863946,71,18886.5379310345,392,10,2006,1,821564.4,1888.65379310345,39.1818199160626,
DCPS,Hyde-Addison ES,3219 O St  NW,330,Phase I,2014,ES," 	37,504 ",PARTIAL MOD,19157333,22284976,43519223,1,-77.064537819,38.908019234,2,Hardy MS,Wilson HS,305,29,24,25,0.0786885245901639,0.0819672131147541,0.0950819672131148,123,58052.5242424242,511,NA,NA,1,NA,NA,NA,
PCS,IDEA PCS,"1027 45th Street, NE",490,NA,NA,HS," 	70,000 ",Facility Allowance,13450019,NA,NA,1,-76.937087,38.904173,7,NA,NA,217,1,165,42,0.76036866359447,0.193548387096774,0.00460829493087558,323,27449.0183673469,192,17,1999,1,791177.588235294,1614.6481392557,11.3025369747899,
PCS,Ideal Academy PCS North Capitol Street Campus ES,"6130 N Capitol Street, NW",500,NA,NA,ES/MS," 	35,090 ",Facility Allowance,6508377,NA,NA,1,-77.0098236,38.9648647,4,NA,NA,297,3,185,32,0.622895622895623,0.107744107744108,0.0101010101010101,118,13016.754,185,8,2008,1,813547.125,1627.09425,23.1845860644058,
DCPS,Incarcerated Youth Program,NA,NA,NA,NA,NA,NA,NA,NA,NA,NA,NA,-76.976378916,38.883430572,7,NA,NA,28,1,0,18,0,0.642857142857143,0.0357142857142857,NA,NA,NA,NA,NA,NA,NA,NA,NA,
PCS,Ingenuity Prep PCS,"4600 Livingston Road, SE",200,NA,NA,ES," 	31,075 ",Facility Allowance,941472,NA,NA,1,-77.0031886,38.8239325,8,NA,NA,201,0,148,22,0.736318407960199,0.109452736318408,0,155,4707.36,30,2,2014,1,470736,2353.68,15.1483829444891,
PCS,Inspired Teaching Demonstration PCS,"200 Douglas Street, NE",620,NA,NA,ES/MS," 	40,800 ",Facility Allowance,2824824,NA,NA,1,-77.0025452,38.9236743,5,NA,NA,317,14,35,34,0.110410094637224,0.107255520504732,0.0441640378548896,129,4556.16774193548,69,4,2012,1,706206,1139.04193548387,17.3089705882353,
DCPS,J.O. Wilson ES,660 K Street NE,480,Phase I,2010,ES," 	98,896 ",PARTIAL MOD,4264356,0,4264356,1,-76.996589022,38.902757665,6,Stuart-Hobson MS,Eastern HS,466,6,232,47,0.497854077253219,0.100858369098712,0.0128755364806867,212,8884.075,43,NA,NA,1,NA,NA,NA,
DCPS,Janney ES,4130 Albemarle St  NW,700,Full,2011,ES," 	96,083 ",FULL MOD + ADD,37443325,0,37949758,1,-77.080994825,38.947550086,3,Deal MS,Wilson HS,693,30,8,38,0.0115440115440115,0.0548340548340548,0.0432900432900433,139,53490.4642857143,390,NA,NA,1,NA,NA,NA,
DCPS,Jefferson MS,801 7th St SW,570,Phase 0,NA,MS," 	108,992 ",STABILIZED,0,35993000,35993000,1,-77.02291066,38.879870599,6,,Eastern HS,277,NA,179,NA,NA,NA,NA,NA,0,0,NA,NA,1,NA,NA,NA,
DCPS,Johnson MS,1400 Bruce Pl  SE,730,Phase I,2013,MS," 	182,496 ",PARTIAL MOD," $	18,602,234 ",-5857,20521528,1,-76.983703681,38.851336572,8,NA,Ballou HS,291,3,229,103,0.786941580756014,0.353951890034364,0.0103092783505155,627,25482.5123287671,102,NA,NA,1,NA,NA,NA,
DCPS,Kelly Miller MS,301 49th St  NE,600,Full,2004,MS," 	114,992 ",FULL REPLACEMENT,10614880,0,10614880,1,-76.932455065,38.893315031,7,,HD Woodson HS,546,7,382,146,0.6996336996337,0.267399267399267,0.0128205128205128,211,17691.4666666667,92,NA,NA,1,NA,NA,NA,
DCPS,Ketcham ES,1919 15th St  SE,325,Phase I,2012,ES," 	88,288 ",PARTIAL MOD," $	8,328,691 ",0,8336451,1,-76.983621162,38.86604236,8,Kramer MS,Anacostia HS,309,0,265,37,0.857605177993528,0.119741100323625,0,286,25626.7415384615,94,NA,NA,1,NA,NA,NA,
DCPS,Key ES,5001 Dana Pl  NW,364,Full,2003,ES," 	50,000 ",FULL MOD + ADD,13007488,0,13007488,1,-77.100527318,38.926801504,3,Hardy MS,Wilson HS,383,28,12,27,0.031331592689295,0.0704960835509138,0.0731070496083551,131,35734.8571428571,260,NA,NA,1,NA,NA,NA,
DCPS,Kimball ES,3375 Minnesota Ave  SE,398,Phase 0,NA,ES," 	83,392 ",STABILIZED,0,17696000,17696000,1,-76.957572707,38.883082756,7,Sousa MS,Anacostia HS,348,0,268,48,0.770114942528736,0.137931034482759,0,240,0,0,NA,NA,1,NA,NA,NA,
DCPS,"King, M.L. ES",3200 6th St  SE,444,Phase 0,NA,ES," 	65,496 ",STABILIZED," $	4,118,755 ",372458,6567738,1,-76.998238991,38.842442852,8,Hart MS,Ballou HS,372,2,327,55,0.879032258064516,0.147849462365591,0.00537634408602151,176,9276.47522522523,63,NA,NA,1,NA,NA,NA,
PCS,KIPP DC AIM PCS Academy PCS,"2600 Douglass Place, SE",1900,NA,NA,MS," 	144,000 ",Facility Allowance,8354731,NA,NA,1,-76.9912057,38.8569692,8,NA,NA,321,1,189,74,0.588785046728972,0.230529595015576,0.00311526479750779,449,4397.22684210526,58,10,2006,1,835473.1,439.722684210526,5.80189652777778,
PCS,KIPP DC Arts & Technology Academy PCS,"5300 Blaine Street, NE",764,NA,NA,PK3-K," 	26,950 ",Facility Allowance,651264,NA,NA,1,-76.9258818,38.8917411,7,NA,NA,212,1,129,14,0.608490566037736,0.0660377358490566,0.00471698113207547,127,852.439790575916,24,1,2015,1,651264,852.439790575916,24.1656400742115,
PCS,KIPP DC College Prep PCS,"1401 Brentwood Parkway, NE",500,NA,NA,HS," 	187,423 ",Facility Allowance,5814288,NA,NA,1,-76.9944198,38.909317,5,NA,NA,454,0,232,86,0.511013215859031,0.18942731277533,0,413,11628.576,31,6,2010,1,969048,1938.096,5.17037930243353,
PCS,KIPP DC Connect Academy,"1375 Mt Olivet Road, NE",1206,NA,NA,PK3-K," 	67,000 ",Facility Allowance,1533672,NA,NA,1,-76.9814619,38.907437,5,NA,NA,301,2,159,21,0.528239202657807,0.0697674418604651,0.00664451827242525,223,1271.70149253731,23,2,2014,1,766836,635.850746268657,11.4453134328358,
PCS,KIPP DC Discover PCS,"2600 Douglass Place, SE",NA,NA,NA,PK3-K,NA,Facility Allowance,4626760,NA,NA,1,-76.9912057,38.8569692,8,NA,NA,330,0,203,22,0.615151515151515,0.0666666666666667,0,NA,NA,NA,6,2010,1,771126.666666667,NA,NA,
PCS,KIPP DC GROW Academy PCS,"421 P Street, NW",1195,NA,NA,PK3-K," 	100,671 ",Facility Allowance,3706464,NA,NA,1,-77.018128,38.909942,2,NA,NA,312,3,140,17,0.448717948717949,0.0544871794871795,0.00961538461538462,323,3101.64351464435,37,5,2011,1,741292.8,620.32870292887,7.3635187889263,
PCS,KIPP DC Heights Academy PCS,"2600 Douglass Place, SE",NA,NA,NA,ES,NA,Facility Allowance,3161880,NA,NA,1,-76.9912057,38.8569692,8,NA,NA,415,0,229,57,0.551807228915663,0.137349397590361,0,NA,NA,NA,4,2012,1,790470,NA,NA,
PCS,KIPP DC KEY Academy PCS,"4801 Benning Road, SE",1608,NA,NA,MS," 	84,681 ",Facility Allowance,11203877,NA,NA,1,-76.9343991,38.8826376,7,NA,NA,334,1,161,37,0.482035928143713,0.110778443113772,0.0029940119760479,254,6967.58519900498,132,12,2003,1,933656.416666667,580.632099917081,11.0255714583752,
PCS,KIPP DC LEAD Academy,"421 P Street, NW",NA,NA,NA,ES,NA,Facility Allowance,1893744,NA,NA,1,-77.018128,38.909942,2,NA,NA,302,4,127,27,0.420529801324503,0.0894039735099338,0.0132450331125828,NA,NA,NA,3,2013,1,631248,NA,NA,
PCS,KIPP DC LEAP Academy PCS,"4801 Benning Road, SE",NA,NA,NA,PK3-K,NA,Facility Allowance,6204843,NA,NA,1,-76.9343991,38.8826376,7,NA,NA,304,0,177,19,0.582236842105263,0.0625,0,NA,NA,NA,8,2008,1,775605.375,NA,NA,
PCS,KIPP DC Northeast Academy PCS,"1375 Mt Olivet Road, NE",NA,NA,NA,MS,NA,Facility Allowance,387072,NA,NA,1,-76.9814619,38.907437,5,NA,NA,126,1,70,22,0.555555555555556,0.174603174603175,0.00793650793650794,NA,NA,NA,1,2015,1,387072,NA,NA,
PCS,KIPP DC Promise PCS,"4801 Benning Road, SE",NA,NA,NA,ES,NA,Facility Allowance,5553600,NA,NA,1,-76.9343991,38.8826376,7,NA,NA,400,3,219,55,0.5475,0.1375,0.0075,NA,NA,NA,6,2010,1,925600,NA,NA,
PCS,KIPP DC Quest Academy PCS,"5300 Blaine Street, NE",NA,NA,NA,ES," 	40,425 ",Facility Allowance,866304,NA,NA,1,-76.9258818,38.8917411,7,NA,NA,282,1,176,43,0.624113475177305,0.152482269503546,0.00354609929078014,143,NA,21,1,2015,1,866304,NA,21.4299072356215,
PCS,KIPP DC Spring Academy,"1375 Mt Olivet Road, NE",NA,NA,NA,ES,NA,Facility Allowance,616344,NA,NA,1,-76.9814619,38.907437,5,NA,NA,102,0,60,5,0.588235294117647,0.0490196078431373,0,NA,NA,NA,2,2014,1,308172,NA,NA,
PCS,KIPP DC WILL Academy PCS,"421 P Street, NW",NA,NA,NA,MS,NA,Facility Allowance,7645919,NA,NA,1,-77.018128,38.909942,2,NA,NA,344,3,138,66,0.401162790697674,0.191860465116279,0.00872093023255814,NA,NA,NA,9,2007,1,849546.555555556,NA,NA,
DCPS,Kramer MS,1700 Q St  SE,600,Phase I,2014,MS," 	153,984 ",PARTIAL MOD," $	30,951,777 ",0,35059047,1,-76.980171305,38.87128607,8,NA,Anacostia HS,333,0,267,110,0.801801801801802,0.33033033033033,0,462,51586.295,201,NA,NA,1,NA,NA,NA,
DCPS,Lafayette ES,5701 Broad Branch Rd  NW,516,Full,2015,ES," 	113,600 ",FULL MOD + ADD,9939007,59373105,78650000,1,-77.068037122,38.96662722,4,Deal MS,Wilson HS,697,21,19,47,0.0272596843615495,0.0674318507890961,0.03012912482066,163,19261.6414728682,87,NA,NA,1,NA,NA,NA,
DCPS,Langdon ES,1900 Evarts St  NE,500,Phase I,2015,ES," 	101,392 ",PARTIAL MOD,19828246,0,20824380,1,-76.977081855,38.924703828,5,McKinley MS,Dunbar HS,340,17,191,56,0.561764705882353,0.164705882352941,0.05,298,39656.492,196,NA,NA,1,NA,NA,NA,
DCPS,Langley ES,101 T Street NE,530,Phase II,2011,ES," 	100,000 ",PARTIAL MOD,10253618,0,10273670,1,-77.005890393,38.915162564,5,McKinley MS,Dunbar HS,297,3,185,44,0.622895622895623,0.148148148148148,0.0101010101010101,337,19346.4490566038,103,NA,NA,1,NA,NA,NA,
DCPS,LaSalle-Backus EC,501 Riggs Road NE,400,Phase I,2012,ES/MS," 	63,000 ",PARTIAL MOD,14206295,0,14545500,1,-76.999882544,38.959971809,4,,Coolidge HS,349,106,183,50,0.524355300859599,0.143266475644699,0.303724928366762,181,35515.7375,225,NA,NA,1,NA,NA,NA,
PCS,Latin American Montessori Bilingual (LAMB) PCS,"1800 Perry Street, NE",566,NA,NA,ES," 	36,668 ",Facility Allowance,6050898,NA,NA,0,-76.9783016,38.9363691,5,NA,NA,342,129,40,38,0.116959064327485,0.111111111111111,0.37719298245614,107,10690.6325088339,165,12,2004,1,504241.5,890.886042402827,13.7515408530599,
PCS,Latin American Montessori Bilingual (LAMB) PCS,"1375 Missouri Avenue, NW",566,NA,NA,ES," 	36,668 ",Facility Allowance,6050898,NA,NA,0,-77.0323824,38.9622483,4,NA,NA,342,129,40,38,0.116959064327485,0.111111111111111,0.37719298245614,107,10690.6325088339,165,12,2004,1,504241.5,890.886042402827,13.7515408530599,
PCS,Latin American Youth Center Career Academy,"3047 15th Street, NW",225,NA,NA,ALT," 	15,500 ",Facility Allowance,1168680,NA,NA,1,-77.0357768,38.9285225,1,NA,NA,190,36,0,6,0,0.0315789473684211,0.189473684210526,82,5194.13333333333,75,3,2013,1,389560,1731.37777777778,25.1329032258065,
DCPS,Leckie ES,4201 M L  King Ave  SW,480,Phase I,2012,ES," 	65,000 ",PARTIAL MOD," $	595,860 ",0,595860,1,-77.012891913,38.828196449,8,Hart MS,Ballou HS,478,8,226,53,0.472803347280335,0.110878661087866,0.0167364016736402,136,1241.375,9,NA,NA,1,NA,NA,NA,
PCS,Lee Montessori PCS,"301 Douglas Street, NE",162,NA,NA,ES," 	13,200 ",Facility Allowance,227328,NA,NA,1,-77.0020346,38.9234284,5,NA,NA,74,0,10,5,0.135135135135135,0.0675675675675676,0,178,1403.25925925926,17,1,2015,1,227328,1403.25925925926,17.2218181818182,
DCPS,Ludlow-Taylor ES,659 G St  NE,362,Phase I,2013,ES," 	66,896 ",PARTIAL MOD,11489803,-1026290,11762825,1,-76.996492494,38.898743808,6,Stuart-Hobson MS,Eastern HS,340,3,109,31,0.320588235294118,0.0911764705882353,0.00882352941176471,197,31739.7872928177,172,NA,NA,1,NA,NA,NA,
DCPS,Luke Moore HS,1001 Monroe St NE,350,Full,2006,ALT," 	65,528 ",FULL MOD + ADD,0,0,NA,1,-76.992316326,38.932276047,5,,,350,2,0,41,0,0.117142857142857,0.00571428571428571,187,0,0,NA,NA,1,NA,NA,NA,
DCPS,macfarland,NA,NA,NA,NA,NA," 	11,000 ",STABILIZED,874564,50026000,53650564,1,NA,NA,4,NA,NA,NA,NA,NA,NA,NA,NA,NA,NA,NA,80,NA,NA,0,NA,NA,NA,
DCPS,Malcolm X ES at Green,1500 Mississippi Ave. SE Washington,248,Phase 0,NA,ES," 	77,700 ",STABILIZED, $	-   ,0,52963,1,-76.983398577,38.841645061,8,Johnson MS,Ballou HS,244,NA,207,NA,NA,NA,NA,NA,0,0,NA,NA,1,NA,NA,NA,
DCPS,Malcolmx,NA,NA,NA,NA,NA," 	110,800 ",STABILIZED, $	-   ,0,0,1,NA,NA,8,NA,NA,NA,NA,NA,NA,NA,NA,NA,NA,NA,0,NA,NA,0,NA,NA,NA,
DCPS,Mamiedlee,100 Galatin St NW,120,NA,NA,SPED," 	45,800 ",STABILIZED,757876.134600158,0,757876.134600158,0,NA,NA,5,NA,NA,56,4,29,0,0.517857142857143,0,0.0714285714285714,1438,17416.2583333333,26,NA,NA,1,NA,NA,NA,
DCPS,Mann ES,4430 Newark St NW,370,Full,2015,ES," 	60,969 ",FULL MOD + ADD,34565362,-5.00E+05,37197238,1,-77.087826194,38.934291971,3,Hardy MS,Wilson HS,302,34,4,12,0.0132450331125828,0.0397350993377483,0.112582781456954,202,93419.8972972973,567,NA,NA,1,NA,NA,NA,
DCPS,Marie Reed ES,2201 18th St. NW,470,Phase 0,NA,ES," 	162,688 ",STABILIZED,2970097,54503000,64904196,1,-77.040529953,38.919167306,1,Col Hts. Ed. Campus (6-8),Cardozo EC (9-12),393,189,143,41,0.363867684478371,0.104325699745547,0.480916030534351,414,6319.35531914894,18,NA,NA,1,NA,NA,NA,
DCPS,marshall,NA,NA,NA,NA,NA," 	103,800 ",STABILIZED,0,0,0,1,NA,NA,5,NA,NA,NA,NA,NA,NA,NA,NA,NA,NA,NA,0,NA,NA,0,NA,NA,NA,
PCS,Mary McLeod Bethune Day Academy PCS Slowe Campus,"1404 Jackson Street, NE",450,NA,NA,ES/MS," 	56,927 ",Facility Allowance,6686938,NA,NA,1,-76.9863281,38.9295686,5,NA,NA,381,8,237,35,0.622047244094488,0.0918635170603675,0.020997375328084,149,14859.8622222222,117,8,2008,1,835867.25,1857.48277777778,14.6831424455882,
DCPS,Maury ES,1250 Constitution Ave NE,300,Phase I,2011,ES," 	46,800 ",PARTIAL MOD,6444395,5044000,12620745,1,-76.988657501,38.89218486,6,Eliot-Hine MS,Eastern HS,366,2,48,23,0.131147540983607,0.0628415300546448,0.00546448087431694,128,21481.3166666667,138,NA,NA,1,NA,NA,NA,
PCS,Maya Angelou Evans Campus PCS,"5600 E Capitol Street, NE",646,NA,NA,ALT," 	78,625 ",Facility Allowance,6961429,NA,NA,1,-76.9199181,38.8902854,7,NA,NA,252,0,0,88,0,0.349206349206349,0,312,10776.2058823529,89,11,2005,1,632857.181818182,979.655080213904,8.04905795635207,
PCS,Maya Angelou Young Adult Learning Center,"5600 E Capitol Street, NE",NA,NA,NA,ADULT," 	47,175 ",Facility Allowance,1144584,NA,NA,1,-76.9199181,38.8902854,7,NA,NA,147,0,1,17,0.00680272108843537,0.115646258503401,0,321,NA,24,3,2013,1,381528,NA,8.0875039745628,
DCPS,McKinley MS,151 T St NE,1160,Full,2014,," 	62,000 ",FULL MOD,NA,NA,NA,0,-77.004122439,38.915219785,5,,Dunbar HS,202,5,119,31,0.589108910891089,0.153465346534653,0.0247524752475248,307,NA,NA,NA,NA,1,NA,NA,NA,
DCPS,McKinley Technology HS,151 T St NE,1160,Full,2004,HS," 	282,200 ",FULL MOD,77382544,0,77443210,0,-77.00488219,38.915210095,5,,,645,6,239,12,0.370542635658915,0.0186046511627907,0.00930232558139535,438,66709.0896551724,274,NA,NA,1,NA,NA,NA,
DCPS,mcterrell,NA,NA,NA,NA,NA," 	112,000 ",STABILIZED," $	1,706,121 ",0,1706121,1,NA,NA,8,NA,NA,NA,NA,NA,NA,NA,NA,NA,NA,NA,15,NA,NA,0,NA,NA,NA,
PCS,Meridian PCS,"2120 13th Street, NW",718,NA,NA,ES/MS," 	61,900 ",Facility Allowance,20265712,NA,NA,1,-77.0299375,38.9185351,1,NA,NA,639,176,294,77,0.460093896713615,0.120500782472613,0.275430359937402,97,28225.2256267409,327,16,2000,1,1266607,1764.07660167131,20.4621486268174,
DCPS,Miner ES,601 15th St  NE,550,Full,2003,ES," 	76,896 ",FULL REPLACEMENT,6391359,0,6391359,1,-76.982904319,38.897375681,6,Eliot-Hine MS,Eastern HS,398,7,296,66,0.743718592964824,0.165829145728643,0.0175879396984925,193,11620.6527272727,83,NA,NA,1,NA,NA,NA,
DCPS,mmwashingtion,NA,NA,NA,NA,NA," 	89,700 ",NA,18696,0,18696,1,NA,NA,NA,NA,NA,NA,NA,NA,NA,NA,NA,NA,NA,NA,0,NA,NA,0,NA,NA,NA,
DCPS,montgomery/kipp,NA,NA,NA,NA,NA," 	73,700 ",STABILIZED,6934511,0,6934511,1,NA,NA,6,NA,NA,NA,NA,NA,NA,NA,NA,NA,NA,NA,94,NA,NA,0,NA,NA,NA,
DCPS,Moten ES,1565 Morris Rd SE,480,Full,2012,ES," 	99,696 ",FULL MOD," $	27,716,993 ",0,27856881,1,-76.982943653,38.856657189,8,Kramer MS,Anacostia HS,395,0,348,65,0.881012658227848,0.164556962025316,0,252,57743.7354166667,278,NA,NA,1,NA,NA,NA,
PCS,Mundo Verde Bilingual PCS,"30 P Street, NW",897,NA,NA,ES," 	36,148 ",Facility Allowance,3140088,NA,NA,1,-77.0103408,38.9092812,5,NA,NA,404,84,57,22,0.141089108910891,0.0544554455445545,0.207920792079208,89,3500.65551839465,87,4,2012,1,785022,875.163879598662,21.7168861347792,
DCPS,Murch ES,4810 36th St  NW,488,Phase 0,NA,ES," 	47,696 ",STABILIZED,748083,63156000,68294774,1,-77.070079209,38.952933189,3,Deal MS,Wilson HS,620,56,18,23,0.0290322580645161,0.0370967741935484,0.0903225806451613,77,1532.95696721311,16,NA,NA,1,NA,NA,NA,
DCPS,Nalle ES,219 50th St  SE,400,Phase I,2012,ES," 	83,900 ",PARTIAL MOD,11521407,0,11570572,1,-76.930796505,38.885954084,7,Kelly Miller MS,Woodson HS,384,6,295,45,0.768229166666667,0.1171875,0.015625,218,28803.5175,137,NA,NA,1,NA,NA,NA,
PCS,National Collegiate Prep PCS,"4600 Livingston Road, SE",400,NA,NA,HS," 	50,000 ",Facility Allowance,4199632,NA,NA,1,-77.0031886,38.8239325,8,NA,NA,306,0,213,40,0.696078431372549,0.130718954248366,0,163,10499.08,84,6,2010,1,699938.666666667,1749.84666666667,13.9987733333333,
DCPS,Noyes ES,2725 10th St  NE,391,Full,2004,ES," 	51,496 ",FULL MOD + ADD,24719301,0,24719301,1,-76.991842884,38.925177646,5,Brookland MS,Dunbar HS,289,11,182,44,0.629757785467128,0.152249134948097,0.0380622837370242,178,63220.7186700767,480,NA,NA,1,NA,NA,NA,
PCS,Options PCS,"1375 E Street, NE",1127,NA,NA,MS/HS," 	66,622 ",Facility Allowance,5525896,NA,NA,1,-76.986356,38.895719,6,NA,NA,268,0,218,168,0.813432835820896,0.626865671641791,0,249,4903.19077196096,83,6,2010,1,920982.666666667,817.198461993493,13.8240020813945,
DCPS,Orr ES,2200 Minnesota Ave  SE,392,Phase 0,NA,ES," 	75,900 ",STABILIZED, $	-   ,41995000,44995000,1,-76.974484017,38.871796823,8,Kramer MS,Anacostia HS,384,2,295,54,0.768229166666667,0.140625,0.00520833333333333,198,0,0,NA,NA,1,NA,NA,NA,
DCPS,Oyster-Adams Bilingual School,2801 Calvert St NW,350,Full,2001,ES," 	47,984 ",FULL REPLACEMENT,0,0,NA,1,-77.044377251,38.917309201,3,NA,Wilson HS,263,NA,NA,NA,NA,NA,NA,NA,0,0,NA,NA,1,NA,NA,NA,
DCPS,Oyster-Adams Bilingual School,2020 19th St. NW,324,Phase 0,NA,MS," 	59,400 ",STABILIZED,3803375,12236000,16039375,1,-77.044377251,38.917309201,3,NA,Wilson HS,314,NA,NA,NA,NA,NA,NA,NA,11738.8117283951,64,NA,NA,1,NA,NA,NA,
DCPS,Patterson ES,4399 South Capitol Terr  SW,382,Full,2004,ES," 	76,896 ",FULL REPLACEMENT," $	5,365,870 ",0,5365870,1,-77.008484709,38.826966026,8,Hart MS,Ballou HS,380,1,323,44,0.85,0.115789473684211,0.00263157894736842,202,14046.780104712,70,NA,NA,1,NA,NA,NA,
PCS,Paul Public Charter School - International High School,"5800 8th Street, NW",NA,NA,NA,HS," 	59,423 ",Facility Allowance,1757400,NA,NA,1,-77.0248615,38.9613283,4,NA,NA,325,24,159,42,0.489230769230769,0.129230769230769,0.0738461538461539,183,NA,30,2,2014,1,878700,NA,14.7872036080306,
PCS,Paul Public Charter School - Middle School,"5800 8th Street, NW",780,NA,NA,MS," 	68,565 ",Facility Allowance,21115814,NA,NA,1,-77.0248615,38.9613283,4,NA,NA,376,24,160,47,0.425531914893617,0.125,0.0638297872340425,182,27071.5564102564,308,15,2001,1,1407720.93333333,1804.77042735043,20.5311884100246,
DCPS,Payne ES,1445 C St SE,348,Full,2016,ES," 	83,792 ",FULL MOD,22389213,27450,27815086,1,-76.984194914,38.885132314,6,Eliot-Hine MS,Eastern HS,277,5,165,30,0.595667870036101,0.108303249097473,0.0180505415162455,302,64336.8189655172,267,NA,NA,1,NA,NA,NA,
DCPS,Peabody ES,425 C St  NE,228,Phase I,2013,PK3-K," 	37,800 ",PARTIAL MOD,7028816,0,7099258,1,-76.999857987,38.892895991,6,Stuart-Hobson MS,Eastern HS,227,4,16,10,0.0704845814977974,0.0440528634361234,0.0176211453744493,167,30828.1403508772,186,NA,NA,1,NA,NA,NA,
PCS,Perry Street Prep PCS,"1800 Perry Street, NE",1250,NA,NA,PK3-12," 	171,000 ",Facility Allowance,28592629,NA,NA,1,-76.9783016,38.9363691,5,NA,NA,619,10,343,93,0.554119547657512,0.150242326332795,0.0161550888529887,276,22874.1032,167,16,2000,1,1787039.3125,1429.63145,10.4505222953216,
DCPS,Phelps ACE HS,704 26th Street NE,512,Full,2008,HS," 	146,976 ",FULL MOD + ADD,0,0,NA,1,-76.971897631,38.901991687,5,,,323,9,166,42,0.513931888544892,0.130030959752322,0.0278637770897833,455,0,0,NA,NA,1,NA,NA,NA,
DCPS,Plummer ES,4601 Texas Ave  SE,448,Phase I,2014,ES," 	69,392 ",PARTIAL MOD,13846933,26191,14299544,1,-76.939934676,38.887239863,7,Sousa MS,Anacostia HS,428,24,354,54,0.827102803738318,0.126168224299065,0.0560747663551402,162,30908.3325892857,200,NA,NA,1,NA,NA,NA,
PCS,Potomac Preparatory PCS,"4401 8th Street, NE",650,NA,NA,ES/MS," 	42,016 ",Facility Allowance,7783669,NA,NA,1,-76.9944091,38.9430337,5,NA,NA,425,0,261,50,0.614117647058824,0.117647058823529,0,99,11974.8753846154,185,10,2006,1,778366.9,1197.48753846154,18.5254879093679,
DCPS,Powell ES,1350 Upshur St  NW,304,Full,2016,ES," 	76,848 ",FULL MOD + ADD,25490976,2504026,44744174,1,-77.031227422,38.941534009,4,Col. Hts. EC (6-8),Cardozo EC (6-12),446,250,202,57,0.452914798206278,0.12780269058296,0.560538116591928,172,83851.8947368421,332,NA,NA,1,NA,NA,NA,
DCPS,prharris,NA,NA,NA,NA,NA," 	348,700 ",STABILIZED, $	700 ,0,700,1,NA,NA,8,NA,NA,NA,NA,NA,NA,NA,NA,NA,NA,NA,0,NA,NA,0,NA,NA,NA,
DCPS,Randle Highlands ES,1650 30th St  SE,450,Full,2002,ES," 	72,476 ",FULL REPLACEMENT,8391223,0,8391223,1,-76.964356283,38.870091402,7,Kramer MS,Anacostia HS,360,3,228,49,0.633333333333333,0.136111111111111,0.00833333333333333,201,18647.1622222222,116,NA,NA,1,NA,NA,NA,
DCPS,Raymond EC,915 Spring Rd  NW,615,Phase 0,NA,ES/MS," 	73,600 ",STABILIZED,0,19567000,19567000,1,-77.02643266,38.935810871,4,,Roosevelt HS,581,245,308,96,0.530120481927711,0.165232358003442,0.421686746987952,127,0,0,NA,NA,1,NA,NA,NA,
DCPS,rhterrell,NA,NA,NA,NA,NA," 	143,700 ",DEMOLISHED,1446215,0,1446215,1,NA,NA,2,NA,NA,NA,NA,NA,NA,NA,NA,NA,NA,NA,10,NA,NA,0,NA,NA,NA,
PCS,Richard Wright PCS for Journalism and Media Arts,"770 M Street, SE",398,NA,NA,MS/HS," 	28,000 ",Facility Allowance,2883960,NA,NA,1,-76.995574,38.877003,6,NA,NA,305,1,225,58,0.737704918032787,0.19016393442623,0.00327868852459016,92,7246.13065326633,103,4,2012,1,720990,1811.53266331658,25.7496428571429,
DCPS,River Terrace Special Education Center,420 34th St NE,180,Full,2015,SPED," 	77,707 ",FULL MOD + ADD,32133707,-2200000,35717175,1,-76.95752,38.89495,7,NA,NA,NA,NA,NA,NA,NA,NA,NA,NA,NA,414,NA,NA,1,NA,NA,NA,
DCPS,ronbrown,NA,NA,NA,NA,NA," 	156,000 ",STABILIZED,0,44597000,47347000,1,NA,NA,7,NA,NA,NA,NA,NA,NA,NA,NA,NA,NA,NA,0,NA,NA,0,NA,NA,NA,
DCPS,Roosevelt HS,4301 13th St NW,1030,Full,2015,HS," 	331,840 ",FULL MOD + ADD,117015598,1887406,143557836,0,-77.027776341,38.943608176,4,,,476,143,394,141,0.827731092436975,0.296218487394958,0.300420168067227,697,113607.376699029,353,NA,NA,1,NA,NA,NA,
DCPS,Roosevelt STAY,4301 13th St NW,,Full,2015,HS,,FULL MOD + ADD,,1887406,,0,-77.027776341,38.943608176,4,,,802,,,141,0.827731092436975,0.296218487394958,0.300420168067227,697,113607.376699029,353,NA,NA,1,NA,NA,NA,
PCS,Roots PCS,"15 Kennedy Street, NW",230,NA,NA,ES," 	10,374 ",Facility Allowance,3896368,NA,NA,0,-77.010142,38.9567798,4,NA,NA,95,2,39,7,0.410526315789474,0.0736842105263158,0.0210526315789474,109,16940.7304347826,376,16,2000,1,243523,1058.79565217391,23.474358974359,
PCS,Roots PCS,"6222 North Capitol Street, NW",230,NA,NA,ES," 	10,374 ",Facility Allowance,3896368,NA,NA,0,-77.0094126,38.9661824,4,NA,NA,95,2,39,7,0.410526315789474,0.0736842105263158,0.0210526315789474,109,16940.7304347826,376,16,2000,1,243523,1058.79565217391,23.474358974359,
DCPS,Ross ES,1730 R St  NW,176,Phase I,2012,ES," 	22,400 ",PARTIAL MOD,2604666,0,2612974,1,-77.039662145,38.912390814,2,Cardozo EC (6-8),Cardozo EC (9-12),166,28,10,5,0.0602409638554217,0.0301204819277108,0.168674698795181,135,14799.2386363636,116,NA,NA,1,NA,NA,NA,
DCPS,rudolph,NA,NA,NA,NA,NA," 	84,400 ",STABILIZED,1.00E+05,0,1.00E+05,1,NA,NA,4,NA,NA,NA,NA,NA,NA,NA,NA,NA,NA,NA,1,NA,NA,0,NA,NA,NA,
DCPS,Savoy ES,2400 Shannon Pl SE,430,Full,2009,ES," 	86,800 ",FULL MOD + ADD," $	21,059,646 ",0,21059646,1,-76.993604261,38.862851652,8,Kramer MS,Anacostia HS,408,4,333,51,0.816176470588235,0.125,0.00980392156862745,213,48975.9209302326,243,NA,NA,1,NA,NA,NA,
PCS,School for Educational Evolution and Development (SEED) PCS,"4300 C Street, SE",488,NA,NA,MS/HS," 	48,128 ",Facility Allowance,31414511,NA,NA,1,-76.9464327,38.8869027,7,NA,NA,336,0,172,57,0.511904761904762,0.169642857142857,0,143,64373.9979508197,653,17,1999,1,1847912.41176471,3786.70576181292,38.3957864811483,
DCPS,School Without Walls @ Francis-Stevens EC,2425 N St  NW,437,Phase 0,NA,ES/MS," 	95,088 ",STABILIZED,1314689,20178000,22278000,1,-77.052320997,38.907469168,2,,Cardozo EC (9-12),414,25,109,58,0.263285024154589,0.140096618357488,0.0603864734299517,230,3008.44164759725,14,NA,NA,1,NA,NA,NA,
DCPS,School Without Walls HS,2130 G St NW,520,Full,2009,HS," 	74,000 ",FULL MOD + ADD,0,0,NA,1,-77.048186466,38.898123787,2,,,590,NA,91,NA,NA,NA,NA,NA,0,0,NA,NA,1,NA,NA,NA,
DCPS,School-Within-School at Goding,920 F STREET NE,450,Phase I,2005,ES," 	59,200 ",PARTIAL MOD,1365487,12028931,16383000,1,-76.993183024,38.897564662,6,NA,,126,1,70,37,0.555555555555556,0.293650793650794,0.00793650793650794,470,3034.41555555556,23,NA,NA,1,NA,NA,NA,
DCPS,Seaton ES,1503 10th St  NW,325,Phase I,2011,ES," 	65,000 ",PARTIAL MOD,4298925,0,4302057,1,-77.024882467,38.910618362,6,Cardozo EC (6-8),Cardozo EC (9-12),295,125,148,32,0.501694915254237,0.108474576271186,0.423728813559322,220,13227.4615384615,66,NA,NA,1,NA,NA,NA,
PCS,Sela PCS,"6015 Chillum Place, NE",NA,NA,NA,ES," 	15,680 ",Facility Allowance,483192,NA,NA,1,-77.0074503,38.9639099,4,NA,NA,86,8,24,8,0.27906976744186,0.0930232558139535,0.0930232558139535,NA,NA,NA,2,2014,1,241596,NA,NA,
DCPS,Sharpe Health,"4300 13th Street NW
",120,NA,NA,SPED," 	80,500 ",STABILIZED,1332074.86539984,0,2089951,0,NA,NA,4,NA,,60,7,31,3,0.516666666666667,0.05,0.116666666666667,1342,17416.2583333333,26,NA,NA,1,NA,NA,NA,
DCPS,shaw,NA,NA,NA,NA,NA," 	230,400 ",STABILIZED,10000,0,10000,1,NA,NA,6,NA,NA,NA,NA,NA,NA,NA,NA,NA,NA,NA,0,NA,NA,0,NA,NA,NA,
DCPS,Shepherd ES,7800 14th St  NW,400,Phase I,2016,ES," 	79,696 ",FULL MOD + ADD,20462934,1274389,31576280,1,-77.033995228,38.984602949,4,Hardy MS,Wilson HS,318,6,59,39,0.185534591194969,0.122641509433962,0.0188679245283019,251,51157.335,257,NA,NA,1,NA,NA,NA,
PCS,Shining Stars Montessori PCS,"6017 Chillum Place, NE",NA,NA,NA,PK3-K," 	13,580 ",Facility Allowance,947496,NA,NA,1,-77.007573,38.9640197,4,NA,NA,118,12,20,1,0.169491525423729,0.00847457627118644,0.101694915254237,NA,NA,NA,4,2012,1,236874,NA,NA,
DCPS,Simon ES,401 Mississippi Ave  SE,325,Phase I,2012,ES," 	66,192 ",PARTIAL MOD," $	8,505,311 ",0,8672620,1,-77.000194997,38.835980202,8,Hart MS,Ballou HS,293,2,227,38,0.774744027303754,0.129692832764505,0.0068259385665529,226,26170.1876923077,128,NA,NA,1,NA,NA,NA,
DCPS,Smothers ES,4400 Brooks St  NE,344,Phase 0,NA,ES," 	43,000 ",STABILIZED,152322,12679000,12831322,1,-76.938468639,38.893553701,7,Kelly Miller MS,Woodson HS,275,6,203,30,0.738181818181818,0.109090909090909,0.0218181818181818,156,442.796511627907,4,NA,NA,1,NA,NA,NA,
PCS,Somerset PCS,"3301 Wheeler Road, SE",1149,NA,NA,MS," 	112,000 ",Facility Allowance,1217280,NA,NA,1,-76.9939903,38.842272,8,NA,NA,240,0,160,44,0.666666666666667,0.183333333333333,0,467,1059.42558746736,11,2,2014,1,608640,529.712793733681,5.43428571428571,
DCPS,Sousa MS,3650 Ely Pl SE,636,Full,2008,MS," 	136,000 ",FULL MOD,0,0,NA,1,-76.953158845,38.883894076,7,NA,Anacostia HS,284,0,209,82,0.735915492957746,0.288732394366197,0,479,0,0,NA,NA,1,NA,NA,NA,
PCS,St. Coletta Special Education PCS,"1901 Independence Avenue, SE",525,NA,NA,SPED," 	99,540 ",Facility Allowance,6315254,NA,NA,1,-76.9764947,38.8868079,6,NA,NA,252,20,111,251,0.44047619047619,0.996031746031746,0.0793650793650794,395,12029.0552380952,63,9,2007,1,701694.888888889,1336.56169312169,7.04937601857433,
DCPS,Stanton ES,2701 Naylor Rd  SE,586,Full,2016,ES," 	95,000 ",FULL MOD + ADD," $	23,307,939 ",2165644,36035000,1,-76.968490227,38.859271774,8,Kramer MS,Anacostia HS,578,0,502,94,0.868512110726644,0.162629757785467,0,164,39774.6399317406,245,NA,NA,1,NA,NA,NA,
DCPS,Stoddert ES,4001 Calvert St  NW,320,Full,2010,ES," 	65,200 ",FULL MOD + ADD,18707417,0,18707417,1,-77.079073796,38.923044313,3,Hardy MS,Wilson HS,418,72,18,15,0.0430622009569378,0.0358851674641148,0.172248803827751,156,58460.678125,287,NA,NA,1,NA,NA,NA,
DCPS,Stuart-Hobson MS,410 E St  NE,450,Full,2015,MS," 	115,242 ",FULL MOD + ADD,44653267,1190116,47666762,1,-77.00000438,38.89629737,6,,Eastern HS,423,3,143,83,0.33806146572104,0.196217494089835,0.00709219858156028,272,99229.4822222222,387,NA,NA,1,NA,NA,NA,
DCPS,Takoma EC,7010 Piney Branch Rd  NW,450,Full,2012,ES/MS," 	118,992 ",FULL MOD,26979598,0,27036559,1,-77.022794928,38.975042541,4,,Coolidge HS,442,113,189,70,0.427601809954751,0.158371040723982,0.255656108597285,269,59954.6622222222,227,NA,NA,1,NA,NA,NA,
PCS,The Next Step PCS,"3047 15th Street, NW",375,NA,NA,ALT," 	31,352 ",Facility Allowance,3142236,NA,NA,1,-77.0357768,38.9285225,1,NA,NA,363,203,0,13,0,0.0358126721763085,0.559228650137741,86,8379.296,100,7,2006,1,448890.857142857,1197.04228571429,14.3177742135384,
DCPS,Thomas ES,650 Anacostia Ave NE,474,Phase I,2013,ES," 	87,600 ",PARTIAL MOD,7563320,0,7572071,1,-76.952110911,38.901278637,7,Kelly Miller MS,Woodson HS,408,6,295,44,0.723039215686274,0.107843137254902,0.0147058823529412,215,15956.3713080169,86,NA,NA,1,NA,NA,NA,
DCPS,Thomson ES,1200 L St  NW,320,Full,2006,ES," 	74,992 ",FULL MOD + ADD,25521091,0,25521091,1,-77.028430033,38.903496003,2,Jefferson Acad. MS,Eastern HS,272,141,124,40,0.455882352941176,0.147058823529412,0.518382352941177,276,79753.409375,340,NA,NA,1,NA,NA,NA,
PCS,Thurgood Marshall Academy PCS,"2427 Martin Luther King Jr. Avenue, SE",416,NA,NA,HS," 	63,625 ",Facility Allowance,12321572,NA,NA,1,-76.9937918,38.8623418,8,NA,NA,395,0,216,50,0.546835443037975,0.126582278481013,0,161,29619.1634615385,194,14,2002,1,880112.285714286,2115.65453296703,13.832806062307,
PCS,Tree of Life Community PCS,"2315 18th Place, NE",1393,NA,NA,ES/MS," 	28,076 ",Facility Allowance,10057948,NA,NA,1,-76.9777082,38.9207757,5,NA,NA,286,2,185,25,0.646853146853147,0.0874125874125874,0.00699300699300699,98,7220.35032304379,358,15,2001,1,670529.866666667,481.356688202919,23.8826708457995,
DCPS,Truesdell EC,800 Ingraham St  NW,542,Phase I,2010,ES/MS," 	69,600 ",PARTIAL MOD,4465045,7489000,11954045,1,-77.025071576,38.953968357,4,,Roosevelt HS,526,239,290,104,0.551330798479088,0.197718631178707,0.454372623574144,132,8238.09040590406,64,NA,NA,1,NA,NA,NA,
DCPS,Tubman ES,3101 13th St  NW,500,Phase I,2009,ES," 	66,592 ",PARTIAL MOD,3644743,0,3644743,1,-77.029443298,38.929198235,1,Col. Hts. EC (6-8),Cardozo EC (9-12),498,167,302,69,0.606425702811245,0.13855421686747,0.335341365461847,134,7289.486,55,NA,NA,1,NA,NA,NA,
DCPS,Turner ES,3264 Stanton Rd SE,530,Full,2013,ES," 	101,093 ",FULL MOD + ADD," $	27,580,545 ",0,27695424,1,-76.980309925,38.847634942,8,Johnson MS,Ballou HS,392,0,333,52,0.849489795918367,0.13265306122449,0,258,52038.7641509434,273,NA,NA,1,NA,NA,NA,
PCS,Two Rivers PCS,"1227 4th Street, NE ",686,NA,NA,ES/MS," 	51,005 ",Facility Allowance,8446894,NA,NA,0,-77.0001838,38.9067354,6,NA,NA,518,20,126,107,0.243243243243243,0.206563706563707,0.0386100386100386,98,12313.2565597668,166,8,2005,1,1055861.75,1539.15706997085,20.7011420448976,
PCS,Two Rivers PCS,"1234 4th Street, NE",686,NA,NA,ES/MS," 	51,005 ",Facility Allowance,8446894,NA,NA,0,-77.000978,38.90642,6,NA,NA,518,20,126,107,0.243243243243243,0.206563706563707,0.0386100386100386,98,12313.2565597668,166,8,2005,1,1055861.75,1539.15706997085,20.7011420448976,
DCPS,Tyler ES,1001 G St  SE,564,Phase I,2010,ES," 	69,600 ",PARTIAL MOD,3750929,0,3750929,1,-76.992041663,38.881084023,6,Jefferson Acad. MS,Eastern HS,522,9,239,74,0.457854406130268,0.14176245210728,0.0172413793103448,133,6650.58333333333,54,NA,NA,1,NA,NA,NA,
DCPS,Van Ness ES,1150 5th St SE,336,Full,2016,ES," 	49,400 ",FULL MOD + ADD,10556642,17995000,32448396,1,-76.99914,38.87675,6,Jefferson Acad. MS,Eastern HS,NA,NA,NA,NA,NA,NA,NA,NA,NA,214,NA,NA,1,NA,NA,NA,
DCPS,Walker-Jones EC,1125 New Jersey Ave NW,700,Full,2009,ES/MS," 	95,000 ",FULL REPLACEMENT,40442253,0,40442253,1,-77.01391586,38.904191757,6,,Dunbar HS,465,8,348,124,0.748387096774194,0.266666666666667,0.0172043010752688,204,57774.6471428571,426,NA,NA,1,NA,NA,NA,
PCS,Washington Latin PCS HS,"5201 2nd Street, NW",835,NA,NA,HS," 	29,280 ",Facility Allowance,4643648,NA,NA,1,-77.013189,38.953489,4,NA,NA,304,6,70,31,0.230263157894737,0.101973684210526,0.0197368421052632,96,5561.25508982036,159,7,2009,1,663378.285714286,794.46501283148,22.656362217018,
PCS,Washington Latin PCS MS,"5200 2nd Street, NW",835,NA,NA,MS," 	35,040 ",Facility Allowance,6687433,NA,NA,1,-77.0140391,38.9538896,4,NA,NA,366,3,16,29,0.0437158469945355,0.0792349726775956,0.00819672131147541,96,8008.90179640719,191,7,2009,1,955347.571428571,1144.12882805817,27.2644854859752,
PCS,Washington Math Science Tech PCS,"1920 Bladensburg Road, NE",420,NA,NA,HS," 	49,116 ",Facility Allowance,13661934,NA,NA,1,-76.9737654,38.9164261,5,NA,NA,335,3,222,72,0.662686567164179,0.214925373134328,0.00895522388059702,147,32528.4142857143,278,17,1999,1,803643.176470588,1913.43613445378,16.3621462755637,
DCPS,Washington Metropolitan HS,300 Bryant Street NW,350,Phase 0,NA,ALT," 	49,496 ",STABILIZED,0,9900000,9900000,1,-77.015584665,38.920429783,1,,,244,NA,0,NA,NA,NA,NA,NA,0,0,NA,NA,1,NA,NA,NA,
PCS,Washington Yu Ying PCS,"220 Taylor Street, NE",610,NA,NA,ES," 	41,118 ",Facility Allowance,7254586,NA,NA,1,-77.0036779,38.941395,5,NA,NA,528,31,22,30,0.0416666666666667,0.0568181818181818,0.0587121212121212,78,11892.7639344262,176,7,2009,1,1036369.42857143,1698.9662763466,25.2047625996262,
DCPS,Watkins ES,420 12th St  SE,587,Phase 0,NA,ES," 	69,296 ",STABILIZED,2675972,30313978,39400200,1,-76.989996769,38.883466674,6,Stuart-Hobson MS,Eastern HS,500,4,98,45,0.196,0.09,0.008,139,4558.72572402044,39,NA,NA,1,NA,NA,NA,
DCPS,West EC,1338 Farragut St  NW,278,Phase 0,NA,ES/MS," 	69,642 ",STABILIZED,0,35095000,35095000,1,-77.032253056,38.95136708,4,,Roosevelt HS,267,27,112,44,0.419475655430712,0.164794007490637,0.101123595505618,261,0,0,NA,NA,1,NA,NA,NA,
DCPS,Wheatley EC,1299 Neal St NE,500,Full,2009,ES/MS," 	86,368 ",FULL MOD + ADD,42645563,0,42645768,1,-76.988500771,38.90411741,5,,Dunbar HS,463,NA,364,NA,NA,NA,NA,NA,85291.126,494,NA,NA,1,NA,NA,NA,
DCPS,Whittier EC,6201 5th St  NW,520,Phase I,2013,ES/MS," 	71,092 ",PARTIAL MOD + ADD,5208611,0,5241031,1,-77.019238602,38.965856939,4,,Coolidge HS,350,38,214,74,0.611428571428571,0.211428571428571,0.108571428571429,203,10016.5596153846,73,NA,NA,1,NA,NA,NA,
DCPS,wilkinson,NA,NA,NA,NA,NA," 	144,900 ",STABILIZED," $	500,000 ",0,5.00E+05,1,NA,NA,8,NA,NA,NA,NA,NA,NA,NA,NA,NA,NA,NA,3,NA,NA,0,NA,NA,NA,
PCS,William E. Doar Jr PCS,"705 Edgewood Street, NE",560,NA,NA,ES/MS," 	46,835 ",Facility Allowance,6138356,NA,NA,1,-76.9957981,38.9236618,5,NA,NA,439,13,223,35,0.507972665148064,0.0797266514806378,0.0296127562642369,107,10961.35,131,6,2005,1,1023059.33333333,1826.89166666667,21.8439059108217,
DCPS,Wilson HS,3950 Chesapeake St NW,1700,Full,2011,HS," 	376,448 ",FULL MOD + ADD,114246156,0,114320882,1,-77.077775201,38.950155808,3,,,1788,106,550,263,0.307606263982103,0.147091722595078,0.0592841163310962,211,67203.6211764706,303,NA,NA,1,NA,NA,NA,
DCPS,"Woodson, H.D. HS",540 55th St. NE,1000,Full,2011,HS," 	253,406 ",FULL REPLACEMENT,107742134,0,107779131,1,-76.922322143,38.896782823,7,,,639,6,501,193,0.784037558685446,0.302034428794992,0.00938967136150235,397,107742.134,425,NA,NA,1,NA,NA,NA,
DCPS,Youth Services Center,NA,NA,NA,NA,NA,NA,NA,NA,NA,NA,NA,-76.988585838,38.91213926,5,NA,NA,76,1,0,32,0,0.421052631578947,0.0131578947368421,NA,NA,NA,NA,NA,NA,NA,NA,NA,
PCS,Youthbuild PCS,3014 14th St NW,100,NA,NA,ALT," 	11,709 ",Facility Allowance,2747123,NA,NA,1,-77.0327382,38.9277886,1,NA,NA,112,7,0,10,0,0.0892857142857143,0.0625,105,27471.23,235,10,2006,1,274712.3,2747.123,23.4616363481083,
,,,0,,,,,,,,,,,,,,,,,,,,,,,,,,,,,,,
,,,,,,,,,,,,,,,,,,,,,,,,,,,,,,,,,,
,,,,,,,,,,,,,,,,,,,,,,,,,,,,,,,,,,
,,,,,,,,,,,,,,,,,,,,,,,,,,,,,,,,,,
,,,,,,,,,,,,,,,,,,,,,,,,,,,,,,,,,,
,,,,,,,,,,,,,,,,,,,,,,,,,,,,,,,,,,
,,,,,,,,,,,,,,,,,,,,,,,,,,,,,,,,,,
,,,,,,,,,,,,,,,,,,,,,,,,,,,,,,,,,,
,,,,,,,,,,,,,,,,,,,,,,,,,,,,,,,,,,
,,,,,,,,,,,,,,,,,,,,,,,,,,,,,,,,,,
,,,,,,,,,,,,,,,,,,,,,,,,,,,,,,,,,,
,,,,,,,,,,,,,,,,,,,,,,,,,,,,,,,,,,
,,,,,,,,,,,,,,,,,,,,,,,,,,,,,,,,,,
,,,,,,,,,,,,,,,,,,,,,,,,,,,,,,,,,,
,,,,,,,,,,,,,,,,,,,,,,,,,,,,,,,,,,
,,,,,,,,,,,,,,,,,,,,,,,,,,,,,,,,,,