"School_ID","Agency","Address","maxOccupancy","Level","totalSQFT","MajorExp9815","TotalAllotandPlan1621","LifetimeBudget","FeederMS","Total_Enrolled","Limited_English","At_Risk","SPED","AtRiskPer","SPEDPer","ESLPer","SqFtPerEnroll","SpentPerMaxOccupancy","SpentPerSqFt","Open_Now","ProjectPhase","YrComplete","ProjectType","FeederHS","longitude","latitude","Ward","School"
202,"DCPS","533 48th Pl  NE",442,"ES",57100,8916,12115000,14515000,"Kelly Miller MS",262,1,214,42,0.816793893129771,0.16030534351145,0.00381679389312977,218,20.1719457013575,0.15614711033275,1,"Phase 0",NA,"Stabilized","Woodson HS",-76.9333547,38.8970081,7,"Aiton Elementary"
203,"DCPS","401 Eye St  SW",400,"ES",70800,5993305,0,5993305,"Jefferson Acad. MS",345,6,254,90,0.736231884057971,0.260869565217391,0.0173913043478261,205,14983.2625,84.6512005649717,1,"Phase I",2012,"Partial Modernization","Eastern HS",-77.0291221,38.9015926,2,"Amidon-Bowen Elementary"
450,"DCPS","1601 16th St  SE",837,"HS",204992,68228069,0,68860993,"",661,0,586,186,0.886535552193646,0.281391830559758,0,310,81515.0167264038,332.83283737902,1,"Full",2012,"Full Modernization","Anacostia HS",-76.9829543,38.8700237,8,"Anacostia High"
452,"DCPS","3401 4th St  SE",1520,"HS",356000,141737725,4007,162976011,".",755,0,644,276,0.852980132450331,0.365562913907285,0,472,93248.5032894737,398.139676966292,1,"Full",2015,"Full Replacement","Ballou HS",-77.0014227,38.8393559,8,"Ballou High"
462,"DCPS","3401 4th St  SE",NA,"ADULT",NA,0,0,0,NA,591,0,0,52,0,0.0879864636209814,0,602,NA,NA,1,"Full",2015,NA,"City-Wide",-77.0014227,38.8393559,8,"Ballou STAY"
204,"DCPS","1755 Newton St  NW",563,"ES",79792,1446450,59943000,66496000,"Deal MS",508,279,181,54,0.356299212598425,0.106299212598425,0.549212598425197,157,2569.18294849023,18.1277571686385,1,"Phase 0",2018,"Full Modernization","Wilson HS",-77.0405163,38.9347901,1,"Bancroft Elementary"
205,"DCPS","430 Decatur St  NW",486,"ES",72496,24386910,0,24386910,"Truesdell or West EC (6th-8th)",602,193,284,72,0.471760797342193,0.119601328903654,0.320598006644518,120,50178.8271604938,336.389731847274,1,"Full",2003,"Full Replacement","Roosevelt HS",-77.018458,38.9479619,4,"Barnard Elementary"
206,"DCPS","3600 Alabama Ave  SE",430,"ES",77488,14813933,-24188,15123196,"Sousa MS",438,1,243,79,0.554794520547945,0.180365296803653,0.00228310502283105,177,34451.0069767442,191.177124199876,1,"Phase I",2013,"Partial Modernization","Anacostia HS",-76.9556094,38.8646071,7,"Beers Elementary"
402,"DCPS","800 Euclid St  NW",620,"HS",180000,671104,77074000,78745104,"",449,3,113,0,0.251670378619154,0,0.0066815144766147,401,1082.42580645161,3.72835555555556,1,"Phase 0",NA,"Stabilized","City-Wide",-77.0239586,38.9235819,1,"Benjamin Banneker High"
212,"DCPS","301 North Carolina Ave  SE",369,"ES",47500,4475354,0,4485194,"Jefferson Acad. MS",368,5,23,22,0.0625,0.0597826086956522,0.0135869565217391,129,12128.3306233062,94.2179789473684,1,"Phase I",2009,"Partial Modernization","Eastern HS",-77.0013712,38.8847202,6,"Brent Elementary"
213,"DCPS","1300 Nicholson St NW",584,"ES/MS",78000,22265461,0,22269148,"",639,379,302,78,0.472613458528951,0.122065727699531,0.593114241001565,122,38125.7893835616,285.454628205128,1,"Full",2005,"Full Modernization","Coolidge HS",-77.0301586,38.9607113,4,"Brightwood Education Campus"
NA,"DCPS"," 1150  Michigan Avenue, NE",540,"MS",110000,58053351,-1202174,62711400,NA,NA,NA,NA,NA,NA,NA,NA,NA,107506.205555556,527.757736363636,1,"Full",2015,"Full Replacement","Dunbar HS",-76.9918169,38.9374144,5,"Brookland Middle"
404,"DCPS","850 26th St  NE",804,"ES/MS",215392,131951,20636000,23793129,"",353,23,241,56,0.68271954674221,0.158640226628895,0.0651558073654391,610,164.11815920398,0.612608639132373,1,"Phase 0",NA,"Stabilized","Eastern HS",-76.9708894,38.9026911,5,"Browne Education Campus"
NA,"DCPS","3012 Georgia Ave NW",NA,NA,110700,1499358,0,1499358,NA,NA,NA,NA,NA,NA,NA,NA,NA,NA,13.5443360433604,0,NA,NA,"Demolished",NA,-77.0237871,38.9285372,1,"Bruce Monroe ES (demolished)"
220,"DCPS","1820 Monroe St  NE",450,"ES/MS",69696,8239048,0,8866114,"Brookland MS",297,14,156,53,0.525252525252525,0.178451178451178,0.0471380471380471,235,18308.9955555556,118.214072543618,1,"Phase I",2013,"Partial Modernization","Dunbar HS",-76.9788919,38.933612,5,"Burroughs Elementary"
221,"DCPS","801 Division Ave  NE",400,"ES",94992,2991980,0,2996347,"Kelly Miller MS",360,2,244,36,0.677777777777778,0.1,0.00555555555555556,264,7479.95,31.4971787097861,1,"Phase I",2010,"Partial Modernization","Woodson HS",-76.923953,38.9004502,7,"Burrville Elementary"
247,"DCPS","301 53rd St  SE",438,"ES",56000,0,12606000,12606000,"Kelly Miller MS",291,2,229,40,0.786941580756014,0.13745704467354,0.00687285223367698,192,0,0,1,"Phase 0",NA,"Stabilized","Woodson HS",-76.9261671,38.883619,7,"C.W. Harris Elementary"
454,"DCPS","1200 Clifton St. NW",1070,"MS/HS",397400,131527974,0,132124454,"",781,266,573,188,0.733674775928297,0.240717029449424,0.340588988476312,509,122923.340186916,330.971248112733,1,"Full",2013,"Full Modernization","Cardozo HS (9-12)",-77.0280509,38.9224184,1,"Cardozo Education Campus"
947,"DCPS","1720 1st St NE",NA,"ALT",63800,0,NA,NA,NA,5,0,0,0,0,0,0,NA,NA,0,NA,NA,NA,"Stabilized",NA,-77.006549,38.9127078,5,"CHOICE Academy at Emery"
224,"DCPS","1825 8th St  NW",320,"ES",53000,20270264,0,20270264,"Cardozo EC (6-8)",308,47,137,36,0.444805194805195,0.116883116883117,0.152597402597403,172,63344.575,382.457811320755,1,"Full",2004,"Full Modernization","Cardozo HS (9-12)",-77.0225898,38.9150577,1,"Cleveland Elementary"
442,"DCPS","3101 16th St  NW",1400,"MS/HS",325218,78652173,0,78652173,"",1384,429,744,153,0.53757225433526,0.110549132947977,0.309971098265896,235,56180.1235714286,241.844464328543,1,"Full",2006,"Full Replacement","Cardozo HS (9-12)",-77.035464,38.929437,1,"Columbia Heights Education Campus (CHEC)"
455,"DCPS","6315 5th St  NW",1105,"HS",271300,2537691,116633000,122176717,"",395,50,301,104,0.762025316455696,0.263291139240506,0.126582278481013,687,2296.55294117647,9.35381865093992,1,"Phase 0",NA,"Stabilized","Coolidge HS",-77.019874,38.9662526,4,"Coolidge High"
405,"DCPS","3815 Fort Dr  NW",1370,"MS",223689,73524856,0,74154641,"",1312,47,99,166,0.0754573170731707,0.126524390243902,0.0358231707317073,170,53667.7781021898,328.692318352713,1,"Full",2009,"Full Modernization","Wilson HS",-77.0744601,38.953494,3,"Deal Middle"
231,"DCPS","5600 Eads St  NE",362,"ES",72800,4898637,0,4938279,"Kelly Miller MS",201,0,166,34,0.825870646766169,0.169154228855721,0,362,13532.1464088398,67.2889697802198,1,"Phase I",2010,"Partial Modernization","Woodson HS",-76.9198214,38.8961276,7,"Drew Elementary"
467,"DCPS","101 N St. NW",1100,"HS",260000,122897293,-250000,125144890,"",653,6,483,198,0.739663093415008,0.303215926493109,0.00918836140888208,398,111724.811818182,472.681896153846,1,"Full",2013,"Full Replacement","Dunbar HS",-77.013134,38.9078377,5,"Dunbar High"
457,"DCPS","1700 East Capitol St NE",1100,"HS",310721,74502874,0,74503071,"",1025,3,714,296,0.696585365853658,0.288780487804878,0.00292682926829268,303,67729.8854545455,239.774183270522,1,"Full",2010,"Full Modernization","Eastern HS",-76.9795263,38.8903247,6,"Eastern High"
232,"DCPS","3301 Lowell St  NW",415,"ES",49096,81414,15552000,15633414,"Hardy MS",475,43,26,35,0.0547368421052632,0.0736842105263158,0.0905263157894737,191,196.178313253012,1.65826136548802,1,"Phase 0",NA,"Stabilized","Wilson HS",-77.0657958,38.9328813,3,"Eaton Elementary"
407,"DCPS","1830 Constitution Ave  NE",742,"MS",155072,210957,40911043,42653975,"",257,2,161,63,0.626459143968872,0.245136186770428,0.00778210116731518,603,284.308625336927,1.36038098431696,1,"Phase 0",NA,"Stabilized","Eastern HS",-76.978566,38.892612,6,"Eliot-Hine Middle"
471,"DCPS","3500 R St NW",500,"HS",258072,34081441,61688778,180437856,"",523,5,175,25,0.334608030592734,0.0478011472275335,0.00956022944550669,320,68162.882,132.061754084132,1,"Full",2017,"Full Modernization","City-Wide",-77.0704265,38.9131435,2,"Ellington School of the Arts"
238,"DCPS","2435 Alabama Ave  SE",365,"ES",58904,1082203,12583908,14338493,"Johnson MS",284,0,233,35,0.820422535211268,0.123239436619718,0,207,2964.9397260274,18.3723176694282,1,"Phase 0",NA,"Stabilized","Ballou HS",-76.9702748,38.8517226,8,"Garfield Elementary"
NA,"DCPS","2001 10th St NW",NA,"MS",82700,5560714,0,5560714,NA,NA,NA,NA,NA,NA,NA,NA,NA,NA,67.2395888754534,0,NA,NA,"Stabilized",NA,-77.0251664,38.9176846,1,"Garnett Patterson"
239,"DCPS","1200 S St  NW",356,"ES",60200,655646,20000000,24000000,"Cardozo EC (6-8)",244,35,117,40,0.479508196721311,0.163934426229508,0.14344262295082,247,1841.70224719101,10.8911295681063,1,"Phase 0",NA,"Stabilized","Cardozo HS (9-12)",-77.028449,38.9138357,2,"Garrison Elementary"
227,"DCPS","2525 17th St NW",440,"ES",85696,32500688,0,32500688,"CHEC (6-8)",400,164,215,42,0.5375,0.105,0.41,214,73865.2,379.255601194922,1,"Full",2009,"Full Modernization","Cardozo HS (9-12)",-77.0383975,38.9239587,1,"H.D. Cooke Elementary"
413,"DCPS","601 Mississippi Ave  SE",912,"MS",210700,13075759,0,13214760,NA,479,0,393,128,0.820459290187891,0.267223382045929,0,440,14337.4550438596,62.0586568580921,1,"Phase I",2011,"Partial Modernization","Ballou HS",-76.9972081,38.8375662,8,"Hart Middle"
258,"DCPS","3950 37th St  NW",330,"ES",62309,35678706,361277,43433519,"Deal MS",291,28,39,25,0.134020618556701,0.0859106529209622,0.0962199312714777,214,108117.290909091,572.609189683673,1,"Full",2015,"Full Modernization","Wilson HS",-77.0717568,38.9405368,3,"Hearst Elementary"
249,"DCPS","425 Chesapeake St  SE",520,"ES",73200,15937127,0,16150915,"Hart MS",503,0,453,84,0.900596421471173,0.166998011928429,0,146,30648.3211538462,217.72031420765,1,"Phase I",2013,"Partial Modernization","Ballou HS",-76.9991386,38.8286428,8,"Hendley Elementary"
251,"DCPS","1100 50th Pl  NE",398,"ES",59896,1191032,15693000,16943000,"Kelly Miller MS",279,3,209,40,0.74910394265233,0.14336917562724,0.010752688172043,215,2992.54271356784,19.8850006678242,1,"Phase 0",NA,"Stabilized","Woodson HS",-76.9302932,38.9054178,7,"Houston Elementary"
252,"DCPS","3219 O St  NW",330,"ES",37504,19157333,22284976,43519223,"Hardy MS",305,29,24,25,0.0786885245901639,0.0819672131147541,0.0950819672131148,123,58052.5242424242,510.807727175768,1,"Phase I",2014,"Full Modernization","Wilson HS",-77.0648106,38.9081992,2,"Hyde-Addison Elementary"
339,"DCPS","660 K Street NE",480,"ES",98896,4264356,0,4264356,"Stuart-Hobson MS",466,6,232,47,0.497854077253219,0.100858369098712,0.0128755364806867,212,8884.075,43.1196003882867,1,"Phase I",2010,"Partial Modernization","Eastern HS",-76.9969383,38.9029977,6,"J.O. Wilson Elementary"
254,"DCPS","4130 Albemarle St  NW",700,"ES",96083,37443325,0,37949758,"Deal MS",693,30,8,38,0.0115440115440115,0.0548340548340548,0.0432900432900433,139,53490.4642857143,389.697709272192,1,"Full",2011,"Full Modernization","Wilson HS",-77.0812196,38.9474491,3,"Janney Elementary"
416,"DCPS","1400 Bruce Pl  SE",730,"MS",182496,18602234,-5857,20521528,NA,291,3,229,103,0.786941580756014,0.353951890034364,0.0103092783505155,627,25482.5123287671,101.932283447308,1,"Phase I",2013,"Partial Modernization","Ballou HS",-76.9836523,38.8511843,8,"Johnson Middle"
421,"DCPS","301 49th St  NE",600,"MS",114992,34578507,0,34578507,"",546,7,382,146,0.6996336996337,0.267399267399267,0.0128205128205128,211,57630.845,300.703588075692,1,"Full",2004,"Full Replacement","Woodson HS",-76.9321175,38.8933117,7,"Kelly Miller Middle"
257,"DCPS","1919 15th St  SE",325,"ES",88288,8328691,0,8336451,"Kramer MS",309,0,265,37,0.857605177993528,0.119741100323625,0,286,25626.7415384615,94.3354816056542,1,"Phase I",2012,"Partial Modernization","Anacostia HS",-76.9836485,38.8660524,8,"Ketcham Elementary"
272,"DCPS","5001 Dana Pl  NW",364,"ES",50000,13007488,0,13007488,"Hardy MS",383,28,12,27,0.031331592689295,0.0704960835509138,0.0731070496083551,131,35734.8571428571,260.14976,1,"Full",2003,"Full Modernization","Wilson HS",-77.100542,38.926599,3,"Key Elementary"
259,"DCPS","3375 Minnesota Ave  SE",398,"ES",83392,0,17696000,17696000,"Sousa MS",348,0,268,48,0.770114942528736,0.137931034482759,0,240,0,0,1,"Phase 0",NA,"Stabilized","Anacostia HS",-76.9575142,38.8828821,7,"Kimball Elementary"
344,"DCPS","3200 6th St  SE",444,"ES",65496,4118755,372458,6567738,"Hart MS",372,2,327,55,0.879032258064516,0.147849462365591,0.00537634408602151,176,9276.47522522523,62.8855960669354,1,"Phase 0",NA,"Stabilized","Ballou HS",-76.9980914,38.8425064,8,"King, M.L. Elementary"
417,"DCPS","1700 Q St  SE",600,"MS",153984,30951777,0,35059047,NA,333,0,267,110,0.801801801801802,0.33033033033033,0,462,51586.295,201.006448721945,1,"Phase I",2014,"Partial Modernization","Anacostia HS",-76.9799006,38.8717022,8,"Kramer Middle"
261,"DCPS","5701 Broad Branch Rd  NW",516,"ES",113600,9939007,59373105,78650000,"Deal MS",697,21,19,47,0.0272596843615495,0.0674318507890961,0.03012912482066,163,19261.6414728682,87.4912588028169,1,"Full",2016,"Full Modernization","Wilson HS",-77.0679076,38.9664459,4,"Lafayette Elementary"
262,"DCPS","1900 Evarts St  NE",500,"ES",101392,19828246,0,20824380,"McKinley MS",340,17,191,56,0.561764705882353,0.164705882352941,0.05,298,39656.492,195.560261164589,1,"Phase I",2015,"Partial Modernization","Dunbar HS",-76.9774768,38.9249969,5,"Langdon Elementary"
370,"DCPS","101 T Street NE",530,"ES",100000,10253618,0,10273670,"McKinley MS",297,3,185,44,0.622895622895623,0.148148148148148,0.0101010101010101,337,19346.4490566038,102.53618,1,"Phase II",2011,"Partial Modernization","Dunbar HS",-77.005475,38.914235,5,"Langley Elementary"
264,"DCPS","501 Riggs Road NE",400,"ES/MS",63000,14206295,0,14545500,"",349,106,183,50,0.524355300859599,0.143266475644699,0.303724928366762,181,35515.7375,225.496746031746,1,"Phase I",2012,"Partial Modernization","Coolidge HS",-76.9997759,38.9597849,4,"LaSalle-Backus Education Campus"
266,"DCPS","4201 M L  King Ave  SW",480,"ES",65000,595860,0,595860,"Hart MS",478,8,226,53,0.472803347280335,0.110878661087866,0.0167364016736402,136,1241.375,9.16707692307692,1,"Phase I",2012,"Partial Modernization","Ballou HS",-77.0132599,38.8282308,8,"Leckie Elementary"
271,"DCPS","659 G St  NE",362,"ES",66896,11489803,-1026290,11762825,"Stuart-Hobson MS",340,3,109,31,0.320588235294118,0.0911764705882353,0.00882352941176471,197,31739.7872928177,171.756203659412,1,"Phase I",2013,"Partial Modernization","Eastern HS",-76.9963992,38.8985144,6,"Ludlow-Taylor Elementary"
884,"DCPS","1001 Monroe St NE",350,"ALT",65528,16352780,0,NA,"",350,2,0,41,0,0.117142857142857,0.00571428571428571,187,46722.2285714286,249.554083750458,1,"Full",2006,"Full Modernization","City-Wide",-76.992102,38.93199,5,"Luke Moore High"
NA,"DCPS","4400 Iowa Ave NW",NA,"MS",11000,874564,50026000,53650564,NA,NA,NA,NA,NA,NA,NA,NA,NA,NA,79.5058181818182,0,NA,NA,"Stabilized",NA,-77.0273427,38.9439461,4,"Macfarland"
273,"DCPS","4430 Newark St NW",370,"ES",60969,34565362,-500000,37197238,"Hardy MS",302,34,4,12,0.0132450331125828,0.0397350993377483,0.112582781456954,202,93419.8972972973,566.933392379734,1,"Full",2015,"Full Modernization","Wilson HS",-77.087418,38.934026,3,"Mann Elementary"
284,"DCPS","2201 18th St. NW",470,"ES",162688,2970097,54503000,64904196,"Col Hts. Ed. Campus (6-8)",393,189,143,41,0.363867684478371,0.104325699745547,0.480916030534351,414,6319.35531914894,18.2563987509835,1,"Phase 0",2017,"Full Modernization","Cardozo HS (9-12)",-77.0416361,38.9183938,1,"Marie Reed Elementary"
274,"DCPS","1250 Constitution Ave NE",300,"ES",46800,6444395,5044000,12620745,"Eliot-Hine MS",366,2,48,23,0.131147540983607,0.0628415300546448,0.00546448087431694,128,21481.3166666667,137.700747863248,1,"Phase I",2011,"Partial Modernization","Eastern HS",-76.9886668,38.8921729,6,"Maury Elementary"
435,"DCPS","151 T St NE",340,"MS",62000,15000000,NA,15000000,"",202,5,119,31,0.589108910891089,0.153465346534653,0.0247524752475248,307,44117.6470588235,241.935483870968,1,"Full",2014,"Full Modernization","Dunbar HS",-77.004889,38.9145641,5,"McKinley Middle"
458,"DCPS","151 T St NE",1160,"HS",282200,77382544,0,77443210,"",645,6,239,12,0.370542635658915,0.0186046511627907,0.00930232558139535,438,66709.0896551724,274.211708008505,1,"Full",2004,"Full Modernization","City-Wide",-77.004889,38.9145641,5,"McKinley Technology High"
280,"DCPS","601 15th St  NE",550,"ES",76896,6391359,0,6391359,"Eliot-Hine MS",398,7,296,66,0.743718592964824,0.165829145728643,0.0175879396984925,193,11620.6527272727,83.1169241573034,1,"Full",2003,"Full Replacement","Eastern HS",-76.9829046,38.8979598,6,"Miner Elementary"
285,"DCPS","1565 Morris Rd SE",480,"ES",99696,27716993,0,27856881,"Kramer MS",395,0,348,65,0.881012658227848,0.164556962025316,0,252,57743.7354166667,278.01509589151,1,"Full",2012,"Full Modernization","Anacostia HS",-76.9828753,38.8564345,8,"Moten Elementary"
287,"DCPS","4810 36th St  NW",488,"ES",47696,748083,63156000,68294774,"Deal MS",620,56,18,23,0.0290322580645161,0.0370967741935484,0.0903225806451613,77,1532.95696721311,15.6843970144247,1,"Phase 0",2018,"Full Modernization","Wilson HS",-77.0704556,38.9527132,3,"Murch Elementary"
288,"DCPS","219 50th St  SE",400,"ES",83900,11521407,0,11570572,"Kelly Miller MS",384,6,295,45,0.768229166666667,0.1171875,0.015625,218,28803.5175,137.323087008343,1,"Phase I",2012,"Partial Modernization","Woodson HS",-76.9311143,38.8860027,7,"Nalle Elementary"
290,"DCPS","2725 10th St  NE",391,"ES",51496,24719301,0,24719301,"Brookland MS",289,11,182,44,0.629757785467128,0.152249134948097,0.0380622837370242,178,63220.7186700767,480.023710579462,1,"Full",2004,"Full Modernization","Dunbar HS",-76.9915985,38.9250297,5,"Noyes Elementary"
291,"DCPS","2200 Minnesota Ave  SE",392,"ES",75900,0,41995000,44995000,"Kramer MS",384,2,295,54,0.768229166666667,0.140625,0.00520833333333333,198,0,0,1,"Phase 0",NA,"Stabilized","Anacostia HS",-76.974441,38.8720446,8,"Orr Elementary"
292,"DCPS","2020 19th St. NW",324,"MS",59400,3803375,12236000,16039375,NA,314,NA,NA,NA,NA,NA,NA,NA,11738.8117283951,64.0298821548822,1,"Phase 0",NA,"Stabilized","Wilson HS",-77.0443928,38.9172561,1,"Oyster-Adams Bilingual School"
292,"DCPS","2801 Calvert St NW",350,"ES",47984,0,0,NA,NA,263,NA,NA,NA,NA,NA,NA,NA,0,0,1,"Full",2001,"Full Replacement","Wilson HS",-77.0572024,38.9235663,3,"Oyster-Adams Bilingual School"
294,"DCPS","4399 South Capitol Terr  SW",382,"ES",76896,32570942,0,5365870,"Hart MS",380,1,323,44,0.85,0.115789473684211,0.00263157894736842,202,85264.2460732984,423.571343112776,1,"Full",2004,"Full Replacement","Ballou HS",-77.0081965,38.8267436,8,"Patterson Elementary"
295,"DCPS","1445 C St SE",348,"ES",83792,22389213,27450,27815086,"Eliot-Hine MS",277,5,165,30,0.595667870036101,0.108303249097473,0.0180505415162455,302,64336.8189655172,267.199887817453,1,"Full",2016,"Full Modernization","Eastern HS",-76.984559,38.884501,6,"Payne Elementary"
301,"DCPS","425 C St  NE",228,"PK3-K",37800,7028816,0,7099258,"Stuart-Hobson MS",227,4,16,10,0.0704845814977974,0.0440528634361234,0.0176211453744493,167,30828.1403508772,185.947513227513,1,"Phase I",2013,"Partial Modernization","Eastern HS",-76.9998748,38.8928043,6,"Peabody Elementary"
478,"DCPS","704 26th Street NE",512,"HS",146976,66594065,0,NA,"",323,9,166,42,0.513931888544892,0.130030959752322,0.0278637770897833,455,130066.533203125,453.094825005443,1,"Full",2008,"Full Modernization","City-Wide",-76.9721088,38.9020565,5,"Phelps ACE High"
299,"DCPS","4601 Texas Ave  SE",448,"ES",69392,13846933,26191,14299544,"Sousa MS",428,24,354,54,0.827102803738318,0.126168224299065,0.0560747663551402,162,30908.3325892857,199.546532741526,1,"Phase I",2014,"Partial Modernization","Anacostia HS",-76.9396434,38.88707,7,"Plummer Elementary"
300,"DCPS","1350 Upshur St  NW",304,"ES",76848,25490976,2504026,44744174,"Col. Hts. EC (6-8)",446,250,202,57,0.452914798206278,0.12780269058296,0.560538116591928,172,83851.8947368421,331.706433479076,1,"Full",2016,"Full Modernization","Cardozo HS (9-12)",-77.031615,38.941504,4,"Powell Elementary"
NA,"DCPS","4600 Livingston Rd SE",NA,NA,348700,700,0,700,NA,NA,NA,NA,NA,NA,NA,NA,NA,NA,0.00200745626613135,0,NA,NA,"Stabilized",NA,-77.0031886,38.8239325,8,"PR Harris"
316,"DCPS","1650 30th St  SE",450,"ES",72476,21543183,0,8391223,"Sousa MS",360,3,228,49,0.633333333333333,0.136111111111111,0.00833333333333333,201,47873.74,297.245750317346,1,"Full",2002,"Full Replacement","Anacostia HS",-76.9638892,38.870144,7,"Randle Highlands Elementary"
302,"DCPS","915 Spring Rd  NW",615,"ES/MS",73600,0,19567000,19567000,"",581,245,308,96,0.530120481927711,0.165232358003442,0.421686746987952,127,0,0,1,"Phase 0",NA,"Stabilized","Roosevelt HS",-77.0261699,38.9359279,4,"Raymond Education Campus"
NA,"DCPS","1000 1st St NW",NA,NA,143700,1446215,0,1446215,NA,NA,NA,NA,NA,NA,NA,NA,NA,NA,10.0641266527488,0,NA,NA,"Demolished",NA,-77.0121753,38.9025237,6,"RH Terrell"
NA,"DCPS","420 34th St NE",180,"SPED",77707,32133707,-2200000,35717175,NA,NA,NA,NA,NA,NA,NA,NA,NA,178520.594444444,413.52396823967,1,"Full",2015,"Full Modernization",NA,-76.9575223,38.8949506,7,"River Terrace Special Education Center"
459,"DCPS","4301 13th St NW",1030,"HS",331840,117015598,1887406,143557836,"",476,143,394,141,0.827731092436975,0.296218487394958,0.300420168067227,697,113607.376699029,352.62656099325,1,"Full",2016,"Full Modernization","Roosevelt HS",-77.0278294,38.9433952,4,"Roosevelt High"
456,"DCPS","4301 13th St NW",NA,"ADULT",NA,0,1887406,NA,"",802,11,0,49,0,0.0610972568578554,0.013715710723192,697,NA,NA,1,"Full",2015,NA,"City-Wide",-77.0278294,38.9433952,4,"Roosevelt STAY"
305,"DCPS","1730 R St  NW",176,"ES",22400,2604666,0,2612974,"Cardozo EC (6-8)",166,28,10,5,0.0602409638554217,0.0301204819277108,0.168674698795181,135,14799.2386363636,116.279732142857,1,"Phase I",2012,"Partial Modernization","Cardozo HS (9-12)",-77.039739,38.9123701,2,"Ross Elementary"
307,"DCPS","2400 Shannon Pl SE",430,"ES",86800,34338372,0,34338372,"Kramer MS",408,4,333,51,0.816176470588235,0.125,0.00980392156862745,213,79856.6790697674,395.6033640553,1,"Full",2009,"Full Modernization","Anacostia HS",-76.9936331,38.8628014,8,"Savoy Elementary"
409,"DCPS","2425 N St  NW",437,"ES/MS",95088,1314689,20178000,22278000,"",414,25,109,58,0.263285024154589,0.140096618357488,0.0603864734299517,230,3008.44164759725,13.8260243143194,1,"Phase 0",NA,"Stabilized","Cardozo HS (9-12)",-77.0521452,38.9076351,2,"Francis Stevens"
175,"DCPS","920 F STREET NE",450,"ES",59200,1365487,12028931,16383000,NA,126,1,70,37,0.555555555555556,0.293650793650794,0.00793650793650794,470,3034.41555555556,23.0656587837838,1,"Phase I",2005,"Partial Modernization","City-Wide",-76.9931808,38.8976365,6,"School-Within-School at Goding"
309,"DCPS","1503 10th St  NW",325,"ES",65000,4298925,0,4302057,"Cardozo EC (6-8)",295,125,148,32,0.501694915254237,0.108474576271186,0.423728813559322,220,13227.4615384615,66.1373076923077,1,"Phase I",2011,"Partial Modernization","Cardozo HS (9-12)",-77.0252248,38.9106173,6,"Seaton Elementary"
NA,"DCPS","925 Rhode Island Ave NW",NA,NA,230400,10000,0,10000,NA,NA,NA,NA,NA,NA,NA,NA,NA,NA,0.0434027777777778,0,NA,NA,"Stabilized",NA,-77.025191,38.9120219,6,"Shaw"
315,"DCPS","401 Mississippi Ave  SE",325,"ES",66192,8505311,0,8672620,"Hart MS",293,2,227,38,0.774744027303754,0.129692832764505,0.0068259385665529,226,26170.1876923077,128.494546168721,1,"Phase I",2012,"Partial Modernization","Ballou HS",-77.0000152,38.8359119,8,"Simon Elementary"
322,"DCPS","4400 Brooks St  NE",344,"ES",43000,152322,12679000,12831322,"Kelly Miller MS",275,6,203,30,0.738181818181818,0.109090909090909,0.0218181818181818,156,442.796511627907,3.54237209302326,1,"Phase 0",NA,"Stabilized","Woodson HS",-76.9384696,38.8936613,7,"Smothers Elementary"
427,"DCPS","3650 Ely Pl SE",636,"MS",136000,34545250,0,NA,NA,284,0,209,82,0.735915492957746,0.288732394366197,0,479,54316.4308176101,254.009191176471,1,"Full",2008,"Full Modernization","Anacostia HS",-76.953055,38.8840586,7,"Sousa Middle"
319,"DCPS","2701 Naylor Rd  SE",586,"ES",95000,23307939,2165644,36035000,"Kramer MS",578,0,502,94,0.868512110726644,0.162629757785467,0,164,39774.6399317406,245.346726315789,1,"Full",2016,"Full Modernization","Anacostia HS",-76.9686199,38.8592905,8,"Stanton Elementary"
321,"DCPS","4001 Calvert St  NW",320,"ES",65200,34319480,0,34319480,"Hardy MS",418,72,18,15,0.0430622009569378,0.0358851674641148,0.172248803827751,156,107248.375,526.372392638037,1,"Full",2010,"Full Modernization","Wilson HS",-77.078913,38.922673,3,"Stoddert Elementary"
428,"DCPS","410 E St  NE",450,"MS",115242,44653267,1190116,47666762,"",423,3,143,83,0.33806146572104,0.196217494089835,0.00709219858156028,272,99229.4822222222,387.473898405095,1,"Full",2015,"Full Modernization","Eastern HS",-77.0000602,38.8965658,6,"Stuart-Hobson Middle"
324,"DCPS","7010 Piney Branch Rd  NW",450,"ES/MS",118992,26979598,0,27036559,"",442,113,189,70,0.427601809954751,0.158371040723982,0.255656108597285,269,59954.6622222222,226.734553583434,1,"Full",2012,"Full Modernization","Coolidge HS",-77.022757,38.975217,4,"Takoma Education Campus"
325,"DCPS","650 Anacostia Ave NE",474,"ES",87600,7563320,0,7572071,"Kelly Miller MS",408,6,295,44,0.723039215686274,0.107843137254902,0.0147058823529412,215,15956.3713080169,86.3392694063927,1,"Phase I",2013,"Partial Modernization","Woodson HS",-76.952024,38.901224,7,"Thomas Elementary"
326,"DCPS","1200 L St  NW",320,"ES",74992,25521091,0,25521091,"Jefferson Acad. MS",272,141,124,40,0.455882352941176,0.147058823529412,0.518382352941177,276,79753.409375,340.317513868146,1,"Full",2006,"Full Modernization","Eastern HS",-77.028505,38.9033859,2,"Thomson Elementary"
327,"DCPS","800 Ingraham St  NW",542,"ES/MS",69600,4465045,7489000,11954045,"",526,239,290,104,0.551330798479088,0.197718631178707,0.454372623574144,132,8238.09040590406,64.1529454022989,1,"Phase I",2011,"Partial Modernization","Roosevelt HS",-77.0244158,38.9539256,4,"Truesdell Education Campus"
328,"DCPS","3101 13th St  NW",500,"ES",66592,3644743,0,3644743,"Col. Hts. EC (6-8)",498,167,302,69,0.606425702811245,0.13855421686747,0.335341365461847,134,7289.486,54.7324453387794,1,"Phase I",2009,"Partial Modernization","Cardozo HS (9-12)",-77.0297009,38.9286359,1,"Tubman Elementary"
329,"DCPS","3264 Stanton Rd SE",530,"ES",101093,27580545,0,27695424,"Johnson MS",392,0,333,52,0.849489795918367,0.13265306122449,0,258,52038.7641509434,272.823489262362,1,"Full",2013,"Full Modernization","Ballou HS",-76.9804398,38.8473486,8,"Turner Elementary"
330,"DCPS","1001 G St  SE",564,"ES",69600,3750929,0,3750929,"Jefferson Acad. MS",522,9,239,74,0.457854406130268,0.14176245210728,0.0172413793103448,133,6650.58333333333,53.892658045977,1,"Phase I",2010,"Partial Modernization","Eastern HS",-76.9922965,38.8810182,6,"Tyler Elementary"
NA,"DCPS","1150 5th St SE",336,"ES",49400,10556642,17995000,32448396,"Jefferson Acad. MS",NA,NA,NA,NA,NA,NA,NA,NA,31418.5773809524,213.697206477733,1,"Full",2016,"Full Modernization","Eastern HS",-76.999143,38.8767476,6,"Van Ness Elementary"
332,"DCPS","1125 New Jersey Ave NW",700,"ES/MS",95000,40442253,0,40442253,"",465,8,348,124,0.748387096774194,0.266666666666667,0.0172043010752688,204,57774.6471428571,425.707926315789,1,"Full",2009,"Full Replacement","Dunbar HS",-77.0140256,38.9045185,6,"Walker-Jones Education Campus"
333,"DCPS","420 12th St  SE",587,"ES",69296,2675972,30313978,39400200,"Stuart-Hobson MS",500,4,98,45,0.196,0.09,0.008,139,4558.72572402044,38.6165435234357,1,"Phase 0",2017,"Full Modernization","Eastern HS",-76.9898004,38.8834823,6,"Watkins Elementary"
336,"DCPS","1338 Farragut St  NW",278,"ES/MS",69642,0,35095000,35095000,"",267,27,112,44,0.419475655430712,0.164794007490637,0.101123595505618,261,0,0,1,"Phase 0",NA,"Stabilized","Roosevelt HS",-77.032481,38.9513341,4,"West Education Campus"
338,"DCPS","6201 5th St  NW",520,"ES/MS",71092,5208611,0,5241031,"",350,38,214,74,0.611428571428571,0.211428571428571,0.108571428571429,203,10016.5596153846,73.265782366511,1,"Phase I",2012,"Partial Modernization","Coolidge HS",-77.019146,38.9658779,4,"Whittier Education Campus"
463,"DCPS","3950 Chesapeake St NW",1700,"HS",376448,135126577,0,135126577,"",1788,106,550,263,0.307606263982103,0.147091722595078,0.0592841163310962,211,79486.2217647059,358.951507246685,1,"Full",2011,"Full Modernization","Wilson HS",-77.0764147,38.9504147,3,"Wilson High"
464,"DCPS","540 55th St. NE",1000,"HS",253406,107742134,0,107779131,"",639,6,501,193,0.784037558685446,0.302034428794992,0.00938967136150235,397,107742.134,425.175939006969,1,"Full",2011,"Full Replacement","Woodson HS",-76.9227134,38.8967763,7,"Woodson, H.D. High"
NA,"DCPS","1351 Alabama Ave SE",NA,NA,110800,0,0,0,NA,NA,NA,NA,NA,NA,NA,NA,NA,NA,0,0,NA,NA,"Stabilized",NA,-76.986448,38.844475,8,"Malcolm X"
265,"DCPS","100 Galatin St NE",120,"SPED",45800,757876.134600158,0,757876.134600158,NA,56,4,29,0,0.517857142857143,0,0.0714285714285714,1438,6315.63445500132,16.5475138558986,1,NA,NA,"Stabilized",NA,-77.0072498,38.9529268,5,"Mamiedlee"
NA,"DCPS","3100 Fort Lincoln Drive SE",NA,NA,103800,0,0,0,NA,NA,NA,NA,NA,NA,NA,NA,NA,NA,0,0,NA,NA,"Stabilized",NA,-76.9575343,38.9272794,5,"Marshall"
NA,"DCPS","4800 Meade St NE",500,"HS",156000,0,44597000,47347000,NA,NA,NA,NA,NA,NA,NA,NA,NA,0,0,0,NA,2017,"Full Modernization","City-Wide",-76.9326919,38.9067948,7,"Ron Brown"
NA,"DCPS","5200 2nd St NW",NA,NA,84400,100000,0,100000,NA,NA,NA,NA,NA,NA,NA,NA,NA,NA,1.18483412322275,0,NA,NA,"Stabilized",NA,-77.0140391,38.9538896,4,"Rudolph"
312,"DCPS","4300 13th Street NW
",120,"SPED",80500,1332074.86539984,0,2089951,NA,60,7,31,3,0.516666666666667,0.05,0.116666666666667,1342,11100.623878332,16.5475138558986,1,NA,NA,"Stabilized",NA,-77.03121,38.94344,4,"Sharpe Health"
313,"DCPS","7800 14th St  NW",400,"ES",79696,20462934,1274389,31576280,"Deal MS",318,6,59,39,0.185534591194969,0.122641509433962,0.0188679245283019,251,51157.335,256.762372013652,1,"Phase I",2016,"Full Modernization","Wilson HS",-77.034304,38.98471,4,"Shepherd Elementary"
217,"PCS","1500 Mississippi Avenue, SE",350,"ES",23302,3963509,5004648,8968157,NA,267,1,132,23,0.49438202247191,0.0861423220973783,0.00374531835205993,87,11324.3114285714,170.093082138872,1,NA,NA,"Facility Allowance",NA,-76.9836028,38.8416964,8,"Achievement Preparatory-Elementary"
1100,"PCS","908 Wahler Place, SE",450,"MS",33177,2316432,7141464,9457896,NA,381,0,192,51,0.503937007874016,0.133858267716535,0,87,5147.62666666667,69.8204177592911,1,NA,NA,"Facility Allowance",NA,-76.9924085,38.834427,8,"Achievement Preparatory-Middle School"
1137,"PCS","320 21st Street, NE",176,"PK3-K",15866,2327592,3017784,5345376,NA,161,3,80,4,0.496894409937888,0.0248447204968944,0.0186335403726708,99,13224.9545454545,146.703138787344,1,NA,NA,"Facility Allowance",NA,-76.9750664,38.8939588,7,"AppleTree Early Learning Center Oklahoma"
141,"PCS","801 7th Street, SW",110,"PK3-K",6162,736320,1611984,2348304,NA,86,4,41,2,0.476744186046512,0.0232558139534884,0.0465116279069767,72,6693.81818181818,119.493670886076,1,NA,NA,"Facility Allowance",NA,-77.0229317,38.8798501,6,"AppleTree Early Learning Center Southwest"
3068,"PCS","410 8th Street, NW",620,"MS/HS",44179,4551672,10327944,14879616,NA,551,0,48,23,0.0871143375680581,0.0417422867513612,0,80,7341.4064516129,103.027954458,1,NA,NA,"Facility Allowance",NA,-77.0233079,38.8953055,2,"Basis DC "
1207,"PCS","102 Peabody Street, NW",1000,"HS",57033,5546488,6166776,11713264,NA,329,50,148,60,0.449848024316109,0.182370820668693,0.151975683890578,173,5546.488,97.2505040941209,1,NA,NA,"Facility Allowance",NA,-77.0126299,38.9626865,4,"Capital City High School "
188,"PCS","701 Howard Road, SE",400,"PK3-K",31000,2065776,6710352,8776128,NA,358,0,261,9,0.729050279329609,0.0251396648044693,0,87,5164.44,66.637935483871,1,NA,NA,"Facility Allowance",NA,-76.999207,38.8641137,8,"Cedar Tree Academy "
1103,"PCS","6008 Georgia Avenue, NW",280,"ES/MS",37010,4766091,4648512,9414603,NA,248,55,80,26,0.32258064516129,0.104838709677419,0.221774193548387,149,17021.7535714286,128.778465279654,1,NA,NA,"Facility Allowance",NA,-77.02838,38.9631991,4,"Center City Brightwood Campus "
1104,"PCS","1503 East Capitol Street, SE",280,"ES/MS",40037,4699097,4479816,9178913,NA,239,0,112,23,0.468619246861925,0.096234309623431,0,168,16782.4892857143,117.368858805605,1,NA,NA,"Facility Allowance",NA,-76.9835459,38.8897865,6,"Center City Capitol Hill Campus "
1105,"PCS","220 Highview Place, SE",280,"ES/MS",27000,4770011,4817208,9587219,NA,257,0,172,19,0.669260700389105,0.0739299610894942,0,105,17035.7535714286,176.667074074074,1,NA,NA,"Facility Allowance",NA,-77.0045487,38.8415048,8,"Center City Congress Heights Campus "
1106,"PCS","510 Webster Street, NW",280,"ES/MS",30825,4949770,4910928,9860698,NA,262,53,97,19,0.370229007633588,0.0725190839694656,0.202290076335878,118,17677.75,160.576480129765,1,NA,NA,"Facility Allowance",NA,-77.0208684,38.9437731,4,"Center City Petworth Campus "
1107,"PCS","711 N Street, NW",280,"ES/MS",29240,4824166,4517304,9341470,NA,241,34,113,29,0.468879668049793,0.120331950207469,0.141078838174274,121,17229.1642857143,164.985157318741,1,NA,NA,"Facility Allowance",NA,-77.0224536,38.9074837,6,"Center City Shaw Campus "
1108,"PCS","1217 W  Virginia Avenue, NE",280,"ES/MS",23313,4651663,4423584,9075247,NA,236,4,132,26,0.559322033898305,0.110169491525424,0.0169491525423729,99,16613.0821428571,199.530862608845,1,NA,NA,"Facility Allowance",NA,-76.991479,38.905386,5,"Center City Trinidad Campus "
127,"PCS","770 Kenyon Street, NW",414,"MS",36059,6096304,6204264,12300568,NA,331,94,170,48,0.513595166163142,0.145015105740181,0.283987915407855,109,14725.3719806763,169.064699520231,1,NA,NA,"Facility Allowance",NA,-77.025605,38.929581,1,"Cesar Chavez Chavez Prep"
109,"PCS","3701 Hayes Street,  NE",825,"HS",36015,3379632,6672864,10052496,NA,356,7,228,40,0.640449438202247,0.112359550561798,0.0196629213483146,101,4096.52363636364,93.839566847147,1,NA,NA,"Facility Allowance",NA,-76.9491059,38.9013653,7,"Cesar Chavez Parkside Upper"
108,"PCS","1351 Nicholson Street, NW",123,"ES/MS",20100,3128675,2305512,5434187,NA,123,0,43,21,0.349593495934959,0.170731707317073,0,163,25436.3821138211,155.655472636816,1,NA,NA,"Facility Allowance",NA,-77.031579,38.9604804,4,"Community Academy CAPCS Online"
216,"PCS","2405 Martin Luther King Jr. Avenue, SE",155,"ADULT",11000,1339656,5117112,6456768,NA,273,0,0,1,0,0.00366300366300366,0,40,8642.94193548387,121.786909090909,1,NA,NA,"Facility Allowance",NA,-76.9927263,38.8628141,8,"Community College Preparatory Academy "
3069,"PCS","3224 16th Street, NW",181,"ES",17976,1282032,3392664,4674696,NA,181,10,22,48,0.121546961325967,0.265193370165746,0.0552486187845304,99,7083.04972375691,71.3190921228304,1,NA,NA,"Facility Allowance",NA,-77.0368058,38.9315518,1,"Creative Minds International "
1110,"PCS","100 41st Street, NE",754,"ES",80352,6611687,8284848,14896535,NA,442,8,231,22,0.52262443438914,0.0497737556561086,0.0180995475113122,182,8768.81564986737,82.2840377339705,1,NA,NA,"Facility Allowance",NA,-76.9449133,38.890775,7,"DC Preparatory Benning Campus "
218,"PCS","101 41st Street, NE",754,"MS",26784,697944,2849088,3547032,NA,152,1,67,22,0.440789473684211,0.144736842105263,0.00657894736842105,176,925.655172413793,26.0582437275986,1,NA,NA,"Facility Allowance",NA,-76.944288,38.891529,7,"DC Preparatory Benning Middle Campus"
3070,"PCS","5601 East Capitol Street, SE",700,"ES",31000,2641008,7291416,9932424,NA,389,0,252,38,0.647814910025707,0.0976863753213368,0,80,3772.86857142857,85.1938064516129,1,NA,NA,"Facility Allowance",NA,-76.9216306,38.8893227,7,"DC Scholars "
234,"PCS","3100 Martin Luther King Jr. Avenue, SE",625,"ES",42528,1904640,11621280,13525920,NA,620,1,436,70,0.703225806451613,0.112903225806452,0.00161290322580645,69,3047.424,44.7855530474041,1,NA,NA,"Facility Allowance",NA,-76.9981457,38.8434987,8,"Democracy Prep-Congress Heights"
248,"PCS","3220 16th Street, NW",410,"MS",20217,645120,3936240,4581360,NA,210,26,44,40,0.20952380952381,0.19047619047619,0.123809523809524,96,1573.46341463415,31.9097788989464,1,NA,NA,"Facility Allowance",NA,-77.0367897,38.9313597,1,"District of Columbia International School"
146,"PCS","3600 Georgia Avenue, NW",395,"MS",45484,10299664,7066488,17366152,NA,377,54,157,77,0.416445623342175,0.204244031830239,0.143236074270557,121,26075.0987341772,226.445871075543,1,NA,NA,"Facility Allowance",NA,-77.0243669,38.9343788,1,"E L Haynes Georgia Avenue"
1138,"PCS","4501 Kansas Avenue, NW",795,"HS",17647,5596776,7909968,13506744,NA,422,66,218,90,0.516587677725118,0.213270142180095,0.156398104265403,42,7039.96981132076,317.151697172324,1,NA,NA,"Facility Allowance",NA,-77.022371,38.945657,4,"E.L. Haynes Kansas Avenue- High School"
1206,"PCS","4502 Kansas Avenue, NW",NA,"ES",53800,2661384,6710352,9371736,NA,358,108,126,39,0.35195530726257,0.108938547486034,0.301675977653631,150,NA,49.4681040892193,1,NA,NA,"Facility Allowance",NA,-77.0234943,38.9451898,4,"E.L. Haynes Kansas Avenue (Elementary School)"
159,"PCS","3700 Oakview Terrace, NE",350,"ES",32341,11118784,6560400,17679184,NA,350,63,62,26,0.177142857142857,0.0742857142857143,0.18,92,31767.9542857143,343.798398317925,1,NA,NA,"Facility Allowance",NA,-76.9899667,38.934916,5,"Elsie Whitlow Stokes Community Freedom "
1113,"PCS","2501 Martin Luther King Jr. Avenue, SE",867,"ES",67508,8332774,10665336,18998110,NA,569,0,366,23,0.64323374340949,0.0404217926186292,0,119,9611.04267589389,123.433874503763,1,NA,NA,"Facility Allowance",NA,-76.9952947,38.8600148,8,"Excel Academy "
1211,"PCS","2502 Martin Luther King Jr. Avenue, SE",NA,"MS",19288,476160,2905320,3381480,NA,155,0,100,27,0.645161290322581,0.174193548387097,0,124,NA,24.6868519286603,1,NA,NA,"Facility Allowance",NA,-76.9939568,38.8608853,8,"Excel Academy LEAD"
362,"PCS","725 19th Street, NE",675,"MS",52944,654336,3992472,4646808,NA,213,1,147,42,0.690140845070423,0.197183098591549,0.00469483568075117,NA,969.386666666667,12.3590208522212,1,NA,NA,"Facility Allowance",NA,-76.976256,38.898544,7,"Friendship Blow-Pierce Middle"
364,"PCS","1345 Potomac Avenue, SE",760,"MS",80860,1053696,6429192,7482888,NA,343,0,200,59,0.583090379008746,0.17201166180758,0,NA,1386.44210526316,13.0311155082859,1,NA,NA,"Facility Allowance",NA,-76.986715,38.879337,6,"Friendship Chamberlain Middle"
1124,"PCS","2705 Martin Luther King Jr. Avenue, SE",670,"MS/HS",59125,6129328,9353256,15482584,NA,499,1,353,90,0.707414829659319,0.180360721442886,0.00200400801603206,133,9148.25074626866,103.667281183932,1,NA,NA,"Facility Allowance",NA,-76.996307,38.848279,8,"Friendship Tech Prep"
366,"PCS","2960 Carlton Avenue, NE",NA,"MS",37000,516096,3148992,3665088,NA,168,1,75,35,0.446428571428571,0.208333333333333,0.00595238095238095,NA,NA,13.9485405405405,1,NA,NA,"Facility Allowance",NA,-76.967187,38.930047,5,"Friendship Woodridge Middle"
245,"PCS","62 T Street, NE",216,"ES",20000,202752,1237104,1439856,NA,66,0,40,8,0.606060606060606,0.121212121212121,0,303,938.666666666667,10.1376,1,NA,NA,"Facility Allowance",NA,-77.0066585,38.916063,5,"Harmony DC-School of Excellence"
115,"PCS","405 Howard Place, NW",360,"MS",20968,8215644,5510736,13726380,NA,294,11,115,9,0.391156462585034,0.0306122448979592,0.0374149659863946,71,22821.2333333333,391.818199160626,1,NA,NA,"Facility Allowance",NA,-77.0188757,38.9228511,1,"Howard University Middle School of Math and Science "
163,"PCS","1027 45th Street, NE",450,"HS",70000,13450019,4067448,17517467,NA,217,1,165,42,0.76036866359447,0.193548387096774,0.00460829493087558,323,29888.9311111111,192.143128571429,1,NA,NA,"Facility Allowance",NA,-76.937087,38.904173,7,"IDEA "
134,"PCS","6130 N Capitol Street, NW",372,"ES/MS",35090,10624686,5566968,16191654,NA,297,3,185,32,0.622895622895623,0.107744107744108,0.0101010101010101,118,28560.9838709677,302.783870048447,1,NA,NA,"Facility Allowance",NA,-77.0098236,38.9648647,4,"Ideal Academy North Capitol Street Campus Elementary"
200,"PCS","4600 Livingston Road, SE",319,"ES",31075,941472,3767544,4709016,NA,201,0,148,22,0.736318407960199,0.109452736318408,0,155,2951.32288401254,30.2967658889783,1,NA,NA,"Facility Allowance",NA,-77.0031886,38.8239325,8,"Ingenuity Prep "
3064,"PCS","200 Douglas Street, NE",516,"ES/MS",40800,2824824,5941848,8766672,NA,317,14,35,34,0.110410094637224,0.107255520504732,0.0441640378548896,129,5474.46511627907,69.2358823529412,1,NA,NA,"Facility Allowance",NA,-77.0025452,38.9236743,5,"Inspired Teaching Demonstration "
236,"PCS","5300 Blaine Street, NE",600,"PK3-K",26950,651264,3973728,4624992,NA,212,1,129,14,0.608490566037736,0.0660377358490566,0.00471698113207547,127,1085.44,24.1656400742115,1,NA,NA,"Facility Allowance",NA,-76.9258818,38.8917411,7,"KIPP DC Arts & Technology Academy "
1123,"PCS","1401 Brentwood Parkway, NE",900,"HS",187423,5814288,8509776,14324064,NA,454,0,232,86,0.511013215859031,0.18942731277533,0,413,6460.32,31.0222758146012,1,NA,NA,"Facility Allowance",NA,-76.9944198,38.909317,5,"KIPP DC College Prep "
209,"PCS","1375 Mt Olivet Road, NE",1000,"PK3-K",67000,1533672,5641944,7175616,NA,301,2,159,21,0.528239202657807,0.0697674418604651,0.00664451827242525,223,1533.672,22.8906268656716,1,NA,NA,"Facility Allowance",NA,-76.9814619,38.907437,5,"KIPP DC Connect Academy"
1122,"PCS","2600 Douglass Place, SE",1300,"PK3-K",50000,4626760,6185520,10812280,NA,330,0,203,22,0.615151515151515,0.0666666666666667,0,NA,3559.04615384615,92.5352,1,NA,NA,"Facility Allowance",NA,-76.9913927,38.8566681,8,"KIPP DC Discover "
1129,"PCS","421 P Street, NW",1000,"PK3-K",100671,3706464,5848128,9554592,NA,312,3,140,17,0.448717948717949,0.0544871794871795,0.00961538461538462,323,3706.464,36.8175939446315,1,NA,NA,"Facility Allowance",NA,-77.018128,38.909942,6,"KIPP DC GROW Academy "
3071,"PCS","2600 Douglass Place, SE",1300,"ES",31000,3161880,7778760,10940640,NA,415,0,229,57,0.551807228915663,0.137349397590361,0,NA,2432.21538461538,101.996129032258,1,NA,NA,"Facility Allowance",NA,-76.9913927,38.8566681,8,"KIPP DC Heights Academy "
189,"PCS","4801 Benning Road, SE",1000,"MS",84681,11203877,6260496,17464373,NA,334,1,161,37,0.482035928143713,0.110778443113772,0.0029940119760479,254,11203.877,132.306857500502,1,NA,NA,"Facility Allowance",NA,-76.9343991,38.8826376,7,"KIPP DC KEY Academy "
190,"PCS","421 P Street, NW",1000,"ES",84681,1893744,5660688,7554432,NA,302,4,127,27,0.420529801324503,0.0894039735099338,0.0132450331125828,NA,1893.744,22.3632692103305,1,NA,NA,"Facility Allowance",NA,-77.018128,38.909942,6,"KIPP DC LEAD Academy"
132,"PCS","4801 Benning Road, SE",1000,"PK3-K",41000,6204843,5698176,11903019,NA,304,0,177,19,0.582236842105263,0.0625,0,NA,6204.843,151.337634146341,1,NA,NA,"Facility Allowance",NA,-76.9343991,38.8826376,7,"KIPP DC LEAP Academy "
242,"PCS","1375 Mt Olivet Road, NE",1000,"MS",40425,387072,2361744,2748816,NA,126,1,70,22,0.555555555555556,0.174603174603175,0.00793650793650794,NA,387.072,9.57506493506494,1,NA,NA,"Facility Allowance",NA,-76.9814619,38.907437,5,"KIPP DC Northeast Academy "
1121,"PCS","4801 Benning Road, SE",1000,"ES",50000,5553600,7497600,13051200,NA,400,3,219,55,0.5475,0.1375,0.0075,NA,5553.6,111.072,1,NA,NA,"Facility Allowance",NA,-76.9343991,38.8826376,7,"KIPP DC Promise "
237,"PCS","5300 Blaine Street, NE",600,"ES",40425,866304,5285808,6152112,NA,282,1,176,43,0.624113475177305,0.152482269503546,0.00354609929078014,143,1443.84,21.4299072356215,1,NA,NA,"Facility Allowance",NA,-76.9258818,38.8917411,7,"KIPP DC Quest Academy "
214,"PCS","1375 Mt Olivet Road, NE",1000,"ES",46835,616344,1911888,2528232,NA,102,0,60,5,0.588235294117647,0.0490196078431373,0,NA,616.344,13.1599017828547,1,NA,NA,"Facility Allowance",NA,-76.9814619,38.907437,5,"KIPP DC Spring Academy"
121,"PCS","421 P Street, NW",1000,"MS",42016,7645919,6447936,14093855,NA,344,3,138,66,0.401162790697674,0.191860465116279,0.00872093023255814,NA,7645.919,181.97636614623,1,NA,NA,"Facility Allowance",NA,-77.018128,38.909942,6,"KIPP DC WILL Academy "
104,"PCS","3047 15th Street, NW",225,"ALT",15500,3701585,3561360,7262945,NA,190,36,0,6,0,0.0315789473684211,0.189473684210526,82,16451.4888888889,238.811935483871,1,NA,NA,"Facility Allowance",NA,-77.0357768,38.9285225,1,"Latin American Youth Center Career Academy"
228,"PCS","301 Douglas Street, NE",135,"ES",13200,227328,1387056,1614384,NA,74,0,10,5,0.135135135135135,0.0675675675675676,0,178,1683.91111111111,17.2218181818182,1,NA,NA,"Facility Allowance",NA,-77.0020396,38.9234284,5,"Lee Montessori "
135,"PCS","1404 Jackson Street, NE",500,"ES/MS",56927,6686938,7141464,13828402,NA,381,8,237,35,0.622047244094488,0.0918635170603675,0.020997375328084,149,13373.876,117.465139564706,1,NA,NA,"Facility Allowance",NA,-76.9863281,38.9295686,5,"Mary McLeod Bethune Day Academy Slowe Campus"
101,"PCS","5600 E Capitol Street, NE",450,"ALT",78625,11218068,4723488,15941556,NA,252,0,0,88,0,0.349206349206349,0,312,24929.04,142.67813036566,1,NA,NA,"Facility Allowance",NA,-76.9199181,38.8902854,7,"Maya Angelou Evans Campus "
137,"PCS","5600 E Capitol Street, NE",450,"ADULT",47175,1144584,2755368,3899952,NA,147,0,1,17,0.00680272108843537,0.115646258503401,0,321,2543.52,24.2625119236884,1,NA,NA,"Facility Allowance",NA,-76.9199181,38.8902854,7,"Maya Angelou Young Adult Learning Center"
165,"PCS","2120 13th Street, NW",718,"ES/MS",61900,20265712,11977416,32243128,NA,639,176,294,77,0.460093896713615,0.120500782472613,0.275430359937402,97,28225.2256267409,327.394378029079,1,NA,NA,"Facility Allowance",NA,-77.0299375,38.9185351,1,"Meridian "
3065,"PCS","30 P Street, NW",568,"ES",36148,3140088,7572576,10712664,NA,404,84,57,22,0.141089108910891,0.0544554455445545,0.207920792079208,89,5528.32394366197,86.867544539117,1,NA,NA,"Facility Allowance",NA,-77.0103408,38.9092812,5,"Mundo Verde Bilingual "
1120,"PCS","4600 Livingston Road, SE",319,"HS",50000,4199632,5735664,9935296,NA,306,0,213,40,0.696078431372549,0.130718954248366,0,163,13164.9905956113,83.99264,1,NA,NA,"Facility Allowance",NA,-77.0031886,38.8239325,8,"National Collegiate Prep "
169,"PCS","1375 E Street, NE",268,"MS/HS",66622,9184284,5023392,14207676,NA,268,0,218,168,0.813432835820896,0.626865671641791,0,249,34269.7164179105,137.856623938038,1,NA,NA,"Facility Allowance",NA,-76.986356,38.895719,6,"Options "
222,"PCS","5800 8th Street, NW",700,"HS",59423,1757400,6091800,7849200,NA,325,24,159,42,0.489230769230769,0.129230769230769,0.0738461538461539,183,2510.57142857143,29.5744072160611,1,NA,NA,"Facility Allowance",NA,-77.0248615,38.9613283,4,"Paul Public Charter School- International High School"
170,"PCS","5800 8th Street, NW",700,"MS",68565,21115814,7047744,28163558,NA,376,24,160,47,0.425531914893617,0.125,0.0638297872340425,182,30165.4485714286,307.967826150368,1,NA,NA,"Facility Allowance",NA,-77.0248615,38.9613283,4,"Paul Public Charter School- Middle School"
161,"PCS","1800 Perry Street, NE",200,"PK3-12",171000,28592629,11602536,40195165,NA,619,10,343,93,0.554119547657512,0.150242326332795,0.0161550888529887,276,142963.145,167.208356725146,1,NA,NA,"Facility Allowance",NA,-76.9783016,38.9363691,5,"Perry Street Prep "
117,"PCS","4401 8th Street, NE",525,"ES/MS",42016,7783669,7966200,15749869,NA,425,0,261,50,0.614117647058824,0.117647058823529,0,99,14826.0361904762,185.254879093679,1,NA,NA,"Facility Allowance",NA,-76.9944091,38.9430337,5,"Potomac Preparatory "
3067,"PCS","770 M Street, SE",400,"MS/HS",28000,2883960,5716920,8600880,NA,305,1,225,58,0.737704918032787,0.19016393442623,0.00327868852459016,92,7209.9,102.998571428571,1,NA,NA,"Facility Allowance",NA,-76.995574,38.877003,6,"Richard Wright for Journalism and Media Arts"
174,"PCS","4300 C Street, SE",421,"MS/HS",48128,31414511,16924320,48338831,NA,336,0,172,57,0.511904761904762,0.169642857142857,0,143,74618.7909738717,652.728370179521,1,NA,NA,"Facility Allowance",NA,-76.9464327,38.8869027,7,"School for Educational Evolution and Development (SEED) "
197,"PCS","6015 Chillum Place, NE",310,"ES",15680,483192,1611984,2095176,NA,86,8,24,8,0.27906976744186,0.0930232558139535,0.0930232558139535,NA,1558.68387096774,30.8158163265306,1,NA,NA,"Facility Allowance",NA,-77.0074503,38.9639099,4,"Sela "
3066,"PCS","6017 Chillum Place, NE",182,"PK3-K",13580,947496,2211792,3159288,NA,118,12,20,1,0.169491525423729,0.00847457627118644,0.101694915254237,NA,5206.02197802198,69.7714285714286,1,NA,NA,"Facility Allowance",NA,-77.007573,38.9640197,4,"Shining Stars Montessori "
187,"PCS","3301 Wheeler Road, SE",850,"MS",112000,1217280,4498560,5715840,NA,240,0,160,44,0.666666666666667,0.183333333333333,0,467,1432.09411764706,10.8685714285714,1,NA,NA,"Facility Allowance",NA,-76.9939903,38.842272,8,"Somerset "
1047,"PCS","1901 Independence Avenue, SE",525,"SPED",99540,6315254,4723488,11038742,NA,252,20,111,251,0.44047619047619,0.996031746031746,0.0793650793650794,395,12029.0552380952,63.444384167169,1,NA,NA,"Facility Allowance",NA,-76.9764947,38.8868079,7,"St. Coletta Special Education "
168,"PCS","3047 15th Street, NW",375,"ALT",31352,5675141,6804072,12479213,NA,363,203,0,13,0,0.0358126721763085,0.559228650137741,86,15133.7093333333,181.013683337586,1,NA,NA,"Facility Allowance",NA,-77.0357768,38.9285225,1,"The Next Step "
191,"PCS","2427 Martin Luther King Jr. Avenue, SE",420,"HS",63625,12321572,7403880,19725452,NA,395,0,216,50,0.546835443037975,0.126582278481013,0,161,29337.0761904762,193.659284872299,1,NA,NA,"Facility Allowance",NA,-76.9937866,38.862346,8,"Thurgood Marshall Academy "
183,"PCS","2315 18th Place, NE",286,"ES/MS",28076,10057948,5360784,15418732,NA,286,2,185,25,0.646853146853147,0.0874125874125874,0.00699300699300699,98,35167.6503496504,358.240062686992,1,NA,NA,"Facility Allowance",NA,-76.9777082,38.9207757,5,"Tree of Life Community "
178,"PCS","1920 Bladensburg Road, NE",350,"HS",49116,13661934,6279240,19941174,NA,335,3,222,72,0.662686567164179,0.214925373134328,0.00895522388059702,147,39034.0971428571,278.156486684583,1,NA,NA,"Facility Allowance",NA,-76.9737654,38.9164261,5,"Washington Math Science Tech "
1117,"PCS","220 Taylor Street, NE",595,"ES",41118,7254586,9896832,17151418,NA,528,31,22,30,0.0416666666666667,0.0568181818181818,0.0587121212121212,78,12192.581512605,176.433338197383,1,NA,NA,"Facility Allowance",NA,-77.0036779,38.941395,5,"Washington Yu Ying "
210,"PCS","705 Edgewood Street, NE",624,"ES/MS",46835,12280675,8228616,20509291,NA,439,13,223,35,0.507972665148064,0.0797266514806378,0.0296127562642369,107,19680.5689102564,262.211487135689,1,NA,NA,"Facility Allowance",NA,-76.9957981,38.9236618,5,"William E. Doar Jr "
128,"PCS","3014 14th St NW",100,"ALT",11709,2831123,2099328,4930451,NA,112,7,0,10,0,0.0892857142857143,0.0625,105,28311.23,241.790332223076,1,NA,NA,"Facility Allowance",NA,-77.0327382,38.9277886,1,"Youthbuild "
NA,"PCS","209 Upshur Street NW",NA,NA,NA,1013952,0,1013952,NA,NA,NA,NA,NA,NA,NA,NA,NA,NA,NA,0,NA,NA,NA,NA,-77.0141307,38.9425066,4,"Academia Bilingue"
NA,"PCS","1600 Taylor Street NE",NA,NA,NA,1226332,0,1226332,NA,NA,NA,NA,NA,NA,NA,NA,NA,NA,NA,0,NA,NA,NA,NA,-76.9823945,38.9410802,5,"ALTA Associates for Learning Through the Arts"
NA,"PCS","401 I Street SW",NA,NA,NA,699648,0,699648,NA,NA,NA,NA,NA,NA,NA,NA,NA,NA,NA,0,NA,NA,NA,NA,-77.0182907,38.8798344,6,"AppleTree Amidon"
NA,"PCS","45 P St NW",NA,NA,NA,156702,0,156702,NA,NA,NA,NA,NA,NA,NA,NA,NA,NA,NA,0,NA,NA,NA,NA,-77.0105716,38.9098819,5,"ARE Academy for Renewal in Education"
NA,"PCS","5300 Blaine Street NE",NA,NA,NA,21620200,0,21620200,NA,NA,NA,NA,NA,NA,NA,NA,NA,NA,NA,0,NA,NA,NA,NA,-76.9258818,38.8917411,7,"Arts and Technology Academy"
NA,"PCS","100 Peabody Street NW",NA,NA,NA,2169195,0,2169195,NA,NA,NA,NA,NA,NA,NA,NA,NA,NA,NA,0,NA,NA,NA,NA,-77.0126091,38.9623344,4,"Barbara Jordan"
NA,"PCS","2019 Rhode Island Ave NE",NA,NA,NA,301573,0,301573,NA,NA,NA,NA,NA,NA,NA,NA,NA,NA,NA,0,NA,NA,NA,NA,-76.9754974,38.929321,5,"Center City Brentwood"
NA,"PCS","1301 V Street NW",NA,NA,NA,2230312,0,2230312,NA,NA,NA,NA,NA,NA,NA,NA,NA,NA,NA,0,NA,NA,NA,NA,-77.02962,38.9181286,1,"Children's Studio School"
NA,"PCS","3265 S Street NW",NA,NA,NA,920095,0,920095,NA,NA,NA,NA,NA,NA,NA,NA,NA,NA,NA,0,NA,NA,NA,NA,-77.0668126,38.9157158,2,"City Collegiate"
NA,"PCS","62 T Street NE",NA,NA,NA,618836,0,618836,NA,NA,NA,NA,NA,NA,NA,NA,NA,NA,NA,0,NA,NA,NA,NA,-77.0066585,38.916063,5,"City Lights"
NA,"PCS","4025 9th Street, SE",NA,NA,NA,405000,0,405000,NA,NA,NA,NA,NA,NA,NA,NA,NA,NA,NA,0,NA,NA,NA,NA,-76.990566,38.8317414,8,"Early Childhood Academy Johenning"
NA,"PCS","4301 9th Street SE",NA,NA,NA,339000,0,339000,NA,NA,NA,NA,NA,NA,NA,NA,NA,NA,NA,0,NA,NA,NA,NA,-76.989567,38.8310119,8,"Early Childhood Academy Walter Washington"
NA,"PCS","701 Howard Road SE",NA,NA,NA,10909039,0,10909039,NA,NA,NA,NA,NA,NA,NA,NA,NA,NA,NA,0,NA,NA,NA,NA,-76.999207,38.8641137,8,"Howard Road Academy"
NA,"PCS","4625 G St SE",NA,NA,NA,3344491,0,3344491,NA,NA,NA,NA,NA,NA,NA,NA,NA,NA,NA,0,NA,NA,NA,NA,-76.9346599,38.880396,7,"Howard Road Academy G St."
NA,"PCS","3000 Pennsylvania Ave SE",NA,NA,NA,5256099,0,5256099,NA,NA,NA,NA,NA,NA,NA,NA,NA,NA,NA,0,NA,NA,NA,NA,-76.9638478,38.8711371,7,"Howard Road Academy Penn. Ave."
NA,"PCS","2405 ML King Ave SE",NA,NA,NA,4414369,0,4414369,NA,NA,NA,NA,NA,NA,NA,NA,NA,NA,NA,0,NA,NA,NA,NA,-76.9927263,38.8628141,8,"Howard Road Adademy MLK Ave. Middle"
NA,"PCS","100 Peabody Street NW",NA,NA,NA,1512212,0,1512212,NA,NA,NA,NA,NA,NA,NA,NA,NA,NA,NA,0,NA,NA,NA,NA,-77.0126091,38.9623344,4,"Ideal Academy Peabody St."
NA,"PCS","3100 ML King Ave SE",NA,NA,NA,7943598,0,7943598,NA,NA,NA,NA,NA,NA,NA,NA,NA,NA,NA,0,NA,NA,NA,NA,-76.9981457,38.8434987,8,"Imagine Southeast"
NA,"PCS","220 Taylor Street NE",NA,NA,NA,393584,0,393584,NA,NA,NA,NA,NA,NA,NA,NA,NA,NA,NA,0,NA,NA,NA,NA,-77.0036779,38.941395,5,"Jo-Arz Academy"
NA,"PCS","100 Peabody Street NW",NA,NA,NA,3537694,0,3537694,NA,NA,NA,NA,NA,NA,NA,NA,NA,NA,NA,0,NA,NA,NA,NA,-77.0126091,38.9623344,4,"KAMIT Institute"
NA,"PCS","1600 Taylor Street NE",NA,NA,NA,237000,0,237000,NA,NA,NA,NA,NA,NA,NA,NA,NA,NA,NA,0,NA,NA,NA,NA,-76.9823945,38.9410802,5,"LAMB Taylor St."
NA,"PCS","253 42nd Street NE",NA,NA,NA,691425,0,691425,NA,NA,NA,NA,NA,NA,NA,NA,NA,NA,NA,0,NA,NA,NA,NA,-76.9425858,38.894125,7,"Mary McLeod Bethune 42nd St."
NA,"PCS","5413 16th Street NW",NA,NA,NA,843148,0,843148,NA,NA,NA,NA,NA,NA,NA,NA,NA,NA,NA,0,NA,NA,NA,NA,-77.035698,38.9558097,4,"Mary McLeod Bethune Crestwood Campus"
NA,"PCS","1851 9th Street NW",NA,NA,NA,2571219,0,2571219,NA,NA,NA,NA,NA,NA,NA,NA,NA,NA,NA,0,NA,NA,NA,NA,-77.0236584,38.9153791,1,"Maya Angelou Shaw Campus"
NA,"PCS","6000 New Hampshire Ave NE",NA,NA,NA,357535,0,357535,NA,NA,NA,NA,NA,NA,NA,NA,NA,NA,NA,0,NA,NA,NA,NA,-77.005051,38.963848,4,"MEI Futures"
NA,"PCS","1920 Bladensburg Road NE",NA,NA,NA,4109909,0,4109909,NA,NA,NA,NA,NA,NA,NA,NA,NA,NA,NA,0,NA,NA,NA,NA,-76.9737654,38.9164261,5,"New School"
NA,"PCS","100 Peabody Street NW",NA,NA,NA,353492,0,353492,NA,NA,NA,NA,NA,NA,NA,NA,NA,NA,NA,0,NA,NA,NA,NA,-77.0126091,38.9623344,4,"New Vistas Prep"
NA,"PCS","3845 South Capitol Street SW",NA,NA,NA,2482515,0,2482515,NA,NA,NA,NA,NA,NA,NA,NA,NA,NA,NA,0,NA,NA,NA,NA,-77.0088402,38.8341523,8,"Nia Community"
NA,"PCS","702 15th Street NE",NA,NA,NA,756800,0,756800,NA,NA,NA,NA,NA,NA,NA,NA,NA,NA,NA,0,NA,NA,NA,NA,-76.983992,38.899216,6,"Options Satillite Campus"
NA,"PCS","1027 45th Street NE",NA,NA,NA,743930,0,743930,NA,NA,NA,NA,NA,NA,NA,NA,NA,NA,NA,0,NA,NA,NA,NA,-76.937087,38.904173,7,"Richard Milburn Academy"
NA,"PCS","1100 16th Street NW",NA,NA,NA,1592727,0,1592727,NA,NA,NA,NA,NA,NA,NA,NA,NA,NA,NA,0,NA,NA,NA,NA,-77.037016,38.903943,2,"SAIL 16th St."
NA,"PCS","1705 H Street NW",NA,NA,NA,1592657,0,1592657,NA,NA,NA,NA,NA,NA,NA,NA,NA,NA,NA,0,NA,NA,NA,NA,-77.0400669,38.9004679,2,"SAIL H St."
NA,"PCS","1375 E Street NE",NA,NA,NA,1912721,0,1912721,NA,NA,NA,NA,NA,NA,NA,NA,NA,NA,NA,0,NA,NA,NA,NA,-76.986356,38.895719,6,"Sasha Bruce"
NA,"PCS","425 Chesapeake St SE",NA,NA,NA,3017000,0,3017000,NA,NA,NA,NA,NA,NA,NA,NA,NA,NA,NA,0,NA,NA,NA,NA,-76.9991386,38.8286428,8,"Septima Clark"
NA,"PCS","645 Milwaukee Place SE",NA,NA,NA,3732006,0,3732006,NA,NA,NA,NA,NA,NA,NA,NA,NA,NA,NA,0,NA,NA,NA,NA,-76.996974,38.847472,8,"SouthEast Academy"
NA,"PCS","401 M ST SW",NA,NA,NA,1143098,0,1143098,NA,NA,NA,NA,NA,NA,NA,NA,NA,NA,NA,0,NA,NA,NA,NA,-77.0181687,38.8767074,6,"Tech World"
NA,"PCS","320 21st Street NE",NA,NA,NA,667214,0,667214,NA,NA,NA,NA,NA,NA,NA,NA,NA,NA,NA,0,NA,NA,NA,NA,-76.9750664,38.8939588,7,"Thea Bowman"
NA,"PCS","3700 N Capitol Street NW",NA,NA,NA,2080524,0,2080524,NA,NA,NA,NA,NA,NA,NA,NA,NA,NA,NA,0,NA,NA,NA,NA,-77.011062,38.9362572,5,"Tri-Community"
NA,"PCS","770 M Street SE",NA,NA,NA,1086613,0,1086613,NA,NA,NA,NA,NA,NA,NA,NA,NA,NA,NA,0,NA,NA,NA,NA,-76.995574,38.877003,6,"Washington Academy (Blue Castle)"
NA,"PCS","3000 Pennsylvania Ave SE",NA,NA,NA,555990,0,555990,NA,NA,NA,NA,NA,NA,NA,NA,NA,NA,NA,0,NA,NA,NA,NA,-76.9638478,38.8711371,7,"Washington Academy (Penn. Ave.)"
NA,"PCS","4625 G St SE",NA,NA,NA,910294,0,910294,NA,NA,NA,NA,NA,NA,NA,NA,NA,NA,NA,0,NA,NA,NA,NA,-76.9346599,38.880396,7,"Washington Academy JMUMC"
NA,"PCS","3700 N Capitol Street NW",NA,NA,NA,1910351,0,1910351,NA,NA,NA,NA,NA,NA,NA,NA,NA,NA,NA,0,NA,NA,NA,NA,-77.011062,38.9362572,5,"William E. Doar Jr. Soldiers Home"
NA,"PCS","1375 Missouri Ave NW",NA,NA,NA,454860,0,454860,NA,NA,NA,NA,NA,NA,NA,NA,NA,NA,NA,0,NA,NA,NA,NA,-77.0323824,38.9622483,4,"World"
NA,"PCS","6015 Chillum Place NE",NA,NA,NA,3970618,0,3970618,NA,NA,NA,NA,NA,NA,NA,NA,NA,NA,NA,0,NA,NA,NA,NA,-77.0074503,38.9639099,4,"Young America Works"
NA,"PCS","101 T Street NE",NA,NA,NA,285671,0,285671,NA,NA,NA,NA,NA,NA,NA,NA,NA,NA,NA,0,NA,NA,NA,NA,-77.005475,38.914235,5,"Young Technocrats"
NA,"PCS","1851 9th Street NW",NA,NA,NA,5810972,0,5810972,NA,NA,NA,NA,NA,NA,NA,NA,NA,NA,NA,0,NA,NA,NA,NA,-77.0236584,38.9153791,1,"Hospitality High"
NA,"PCS","33 Riggs Road NE",NA,NA,NA,2878377,0,2878377,NA,NA,NA,NA,NA,NA,NA,NA,NA,NA,NA,0,NA,NA,NA,NA,-77.006643,38.9549208,5,"Village Learning Center"
NA,"PCS","1346 Florida Ave NW",NA,NA,NA,11508196,0,11508196,NA,NA,NA,NA,NA,NA,NA,NA,NA,NA,NA,0,NA,NA,NA,NA,-77.0311625,38.9199388,1,"Booker T Washington"
140,"PCS","2750 14th Street, NW ",176,"PK3-K",12204,3303610.13901345,3055272,6358882.13901345,NA,163,37,58,10,0.355828220858896,0.0613496932515337,0.226993865030675,75,18770.5121534855,270.698962554364,1,NA,NA,"Facility Allowance",NA,-77.0326704,38.9252369,1,"AppleTree Early Learning Center Columbia Heights"
3073,"PCS","138 12th Street, NE",63,"PK3-K",8975,1236936.86098655,1124640,2361576.86098655,NA,60,2,5,5,0.0833333333333333,0.0833333333333333,0.0333333333333333,150,19633.9184283579,137.820263062568,1,NA,NA,"Facility Allowance",NA,-76.9905578,38.8914903,6,"AppleTree Early Learning Center Lincoln Park"
184,"PCS","100 Peabody Street, NW",1000,"ES",57033,7704994.52647975,6035568,13740562.5264798,NA,322,95,72,15,0.22360248447205,0.046583850931677,0.295031055900621,177,7704.99452647975,135.097128442827,1,NA,NA,"Facility Allowance",NA,-77.0126091,38.9623344,4,"Capital City Lower "
182,"PCS","101 Peabody Street, NW",1000,"MS",57033,5116360.47352025,5998080,11114440.4735202,NA,320,38,111,56,0.346875,0.175,0.11875,178,5116.36047352025,89.7087734034725,1,NA,NA,"Facility Allowance",NA,-77.0110697,38.9627222,4,"Capital City Middle School"
153,"PCS","709 12th Street, SE",448,"HS",40000,13525121.9667171,6710352,20235473.9667171,NA,358,21,225,70,0.628491620111732,0.195530726256983,0.058659217877095,112,30190.0043899935,338.128049167927,1,NA,NA,"Facility Allowance",NA,-76.9907031,38.8807813,6,"Cesar Chavez Capitol Hill "
102,"PCS","3702 Hayes Street,  NE",825,"MS",30870,18175850.0332829,5679432,23855282.0332829,NA,303,8,204,42,0.673267326732673,0.138613861386139,0.0264026402640264,102,22031.3333736763,588.786849150726,1,NA,NA,"Facility Allowance",NA,-76.9500149,38.9029444,7,"Cesar Chavez Parkside Middle "
105,"PCS","1300 Allison Street, NW",590,"ES",55000,16071822.7184466,11058960,27130782.7184466,NA,590,213,261,53,0.442372881355932,0.0898305084745763,0.361016949152542,93,27240.3774888925,292.214958517211,1,NA,NA,"Facility Allowance",NA,-77.030868,38.944517,4,"Community Academy Amos I"
158,"PCS","33 Riggs Road, NE",329,"ES",50600,13706414.0582524,6166776,19873190.0582524,NA,329,86,193,18,0.586626139817629,0.0547112462006079,0.261398176291793,154,41660.8330038068,270.877748186807,1,NA,NA,"Facility Allowance",NA,-77.006643,38.9549208,5,"Community Academy Amos II"
106,"PCS","1400 1st Street, NW",523,"ES",100000,16964506.223301,9803112,26767618.223301,NA,523,51,272,35,0.520076481835564,0.0669216061185468,0.0975143403441683,191,32436.9143848967,169.64506223301,1,NA,NA,"Facility Allowance",NA,-77.0132341,38.9090757,5,"Community Academy Butler Global"
130,"PCS","707 Edgewood Street, NE",440,"ES",50050,10420765.107438,8097408,18518173.107438,NA,432,20,197,28,0.456018518518519,0.0648148148148148,0.0462962962962963,116,23683.5570623591,208.207095053707,1,NA,NA,"Facility Allowance",NA,-76.9955558,38.9241765,5,"DC Preparatory Edgewood Elementary Campus "
196,"PCS"," 701 Edgewood Street, NE",314,"MS",39746,7484215.89256198,5510736,12994951.892562,NA,294,1,101,46,0.343537414965986,0.156462585034014,0.00340136054421769,135,23835.0824603885,188.301109358476,1,NA,NA,"Facility Allowance",NA,-76.9959848,38.9247765,5,"DC Preparatory Edgewood Middle Campus "
195,"PCS","3400 Wheeler Road, SE",800,"ES",60000,13087929.0217391,14507856,27595785.0217391,NA,774,2,466,83,0.602067183462532,0.107235142118863,0.00258397932816537,78,16359.9112771739,218.132150362319,1,NA,NA,"Facility Allowance",NA,-76.9936441,38.8406263,8,"Eagle Academy- Eagle Center at McGogney"
1125,"PCS","1017 New Jersey Avenue, SE",160,"ES",8500,2897920.97826087,2736624,5634544.97826087,NA,146,0,79,11,0.541095890410959,0.0753424657534247,0,58,18112.0061141304,340.931879795396,1,NA,NA,"Facility Allowance",NA,-77.0051215,38.877859,6,"Eagle Academy New Jersey Avenue Campus"
361,"PCS","725 19th Street, NE",675,"ES",52944,23015083.6231478,7103976,30119059.6231478,NA,379,6,289,14,0.762532981530343,0.0369393139841689,0.0158311345646438,140,34096.4201824412,434.706172996898,1,NA,NA,"Facility Allowance",NA,-76.976256,38.898544,7,"Friendship Blow Pierce Elementary"
363,"PCS","1345 Potomac Avenue, SE",760,"ES",80860,26167936.793352,7029000,33196936.793352,NA,375,1,235,18,0.626666666666667,0.048,0.00266666666666667,216,34431.4957807263,323.620291780262,1,NA,NA,"Facility Allowance",NA,-76.986715,38.879337,6,"Friendship Chamberlain Elementary"
113,"PCS","645 Milwaukee Place, SE",560,"ES",58539,21108472.4905887,10796544,31905016.4905887,NA,576,0,412,56,0.715277777777778,0.0972222222222222,0,102,37693.7008760513,360.588197451079,1,NA,NA,"Facility Allowance",NA,-76.996974,38.847472,8,"Friendship SouthEast Academy"
365,"PCS","2959 Carlton Avenue, NE",665,"ES",37000,20765377.9154986,5323296,26088673.9154986,NA,284,8,127,12,0.447183098591549,0.0422535211267606,0.028169014084507,130,31226.1322037573,561.226430148611,1,NA,NA,"Facility Allowance",NA,-76.9662004,38.9294874,5,"Friendship Woodridge Elementary"
186,"PCS","4095 Minnesota Avenue, NE",1200,"HS",152000,43593244.1774129,16550952,60144196.1774129,NA,883,0,517,165,0.585503963759909,0.186862967157418,0,172,36327.7034811774,286.797659061927,1,NA,NA,"Facility Allowance",NA,-76.9459338,38.897574,7,"Friendship Woodson Collegiate Academy"
131,"PCS","6200 Kansas Avenue, NE",350,"ES",41000,8800358.4,6710352,15510710.4,NA,358,13,148,22,0.41340782122905,0.0614525139664804,0.0363128491620112,115,25143.8811428571,214.642887804878,1,NA,NA,"Facility Allowance",NA,-77.0085903,38.9658162,4,"Hope Community Lamond Campus"
114,"PCS","2917 8th Street, NE",560,"ES/MS",33571,10181754.6,9690648,19872402.6,NA,517,34,264,43,0.51063829787234,0.0831721470019342,0.0657640232108317,65,18181.7046428571,303.290179023562,1,NA,NA,"Facility Allowance",NA,-76.9946003,38.927028,5,"Hope Community Tolson Campus"
116,"PCS","2600 Douglass Place, SE",1300,"MS",144000,8947893,6016824,14964717,NA,321,1,189,74,0.588785046728972,0.230529595015576,0.00311526479750779,449,6882.99461538462,62.1381458333333,1,NA,NA,"Facility Allowance",NA,-76.9913927,38.8566681,8,"KIPP DC AIM Academy "
1118,"PCS","5201 2nd Street, NW",685,"HS",29280,5303665.12238806,6860304,12163969.1223881,NA,304,6,70,31,0.230263157894737,0.101973684210526,0.0197368421052632,96,7742.57682100447,181.136103906696,1,NA,NA,"Facility Allowance",NA,-77.013189,38.953489,4,"Washington Latin High"
125,"PCS","5200 2nd Street, NW",685,"MS",35040,7482058.87761194,5698176,13180234.8776119,NA,366,3,16,29,0.0437158469945355,0.0792349726775956,0.00819672131147541,96,10922.7136899444,213.529077557418,1,NA,NA,"Facility Allowance",NA,-77.0140391,38.9538896,4,"Washington Latin Middle"
233,"PCS","
421 Alabama Avenue, SE",186,"ADULT",12000,786432,4798464,5584896,NA,256,0,0,0,0,0,0,83,4228.12903225806,65.536,1,NA,NA,"Facility Allowance",NA,-76.9998836,38.842743,8,"Academy of Hope Adult "
233,"PCS","601 Edgewood Street, NE",186,"ADULT",9375,786432,4798464,5584896,NA,256,0,0,0,0,0,0,83,4228.12903225806,83.88608,1,NA,NA,"Facility Allowance",NA,-76.9971713,38.9237975,5,"Academy of Hope Adult "
3072,"PCS","2011 Savannah Terrace, SE",88,"PK3-K",7484,2058816,3336432,5395248,NA,178,1,129,4,0.724719101123595,0.0224719101123595,0.00561797752808989,96,23395.6363636364,275.095670764297,1,NA,NA,"Facility Allowance",NA,-76.972974,38.8494641,8,"AppleTree Early Learning Southeast"
3072,"PCS","2017 Savannah Terrace, SE",88,"PK3-K",9677,1560816,3336432,4897248,NA,178,1,129,4,0.724719101123595,0.0224719101123595,0.00561797752808989,96,17736.5454545455,161.291309290069,1,NA,NA,"Facility Allowance",NA,-76.9746704,38.8485617,8,"AppleTree Early Learning Southeast"
142,"PCS","1244 Taylor Street. NW",140,"ES",10776,3405436,5098368,8503804,NA,272,102,93,77,0.341911764705882,0.283088235294118,0.375,76,24324.5428571429,316.020415738679,1,NA,NA,"Facility Allowance",NA,-77.0283582,38.9407171,4,"Bridges "
142,"PCS","1250 Taylor Street, NW",142,"ES",3900,3405436,5098368,8503804,NA,272,102,93,77,0.341911764705882,0.283088235294118,0.375,76,23981.9436619718,873.188717948718,1,NA,NA,"Facility Allowance",NA,-77.0285894,38.9405054,4,"Bridges "
142,"PCS","4300 13th Street NW
",254,"ES",6000,3405436,5098368,8503804,NA,272,102,93,77,0.341911764705882,0.283088235294118,0.375,76,13407.2283464567,567.572666666667,1,NA,NA,"Facility Allowance",NA,-77.03121,38.94344,4,"Bridges "
126,"PCS","1755 Newton Street, NW",100,"ADULT",NA,8206459,9222048,17428507,NA,492,50,20,5,0.040650406504065,0.0101626016260163,0.101626016260163,55,82064.59,NA,1,NA,NA,"Facility Allowance",NA,-77.0405163,38.9347901,1,"Briya Public Charter School"
126,"PCS","2333 Ontario Road, NW (Main Office)",180,"ADULT",NA,8206459,9222048,17428507,NA,492,50,20,5,0.040650406504065,0.0101626016260163,0.101626016260163,55,45591.4388888889,NA,1,NA,NA,"Facility Allowance",NA,-77.0398021,38.9209625,1,"Briya Public Charter School"
126,"PCS","3912 Georgia Avenue, NW",206,"ADULT",26940,8206459,9222048,17428507,NA,492,50,20,5,0.040650406504065,0.0101626016260163,0.101626016260163,55,39837.1796116505,304.619858945806,1,NA,NA,"Facility Allowance",NA,-77.0250314,38.9391892,4,"Briya Public Charter School"
1119,"PCS","514 V Street, NE",1614,"ADULT",48000,57276227,36981912,94258139,NA,1973,113,0,0,0,0,0.05727318803852,67,35487.1294919455,1193.25472916667,1,NA,NA,"Facility Allowance",NA,-76.9986344,38.9183706,5,"Carlos Rosario International Harvard Street Campus"
1119,"PCS","1100 Harvard Street, NW",1614,"ADULT",84000,57276227,36981912,94258139,NA,1973,113,0,0,0,0,0.05727318803852,67,35487.1294919455,681.859845238095,1,NA,NA,"Facility Allowance",NA,-77.0276499,38.9263689,1,"Carlos Rosario International Harvard Street Campus"
199,"PCS","1420 Columbia Road, NW",NA,"ES",50000,9258495,6822816,16081311,NA,364,180,130,56,0.357142857142857,0.153846153846154,0.494505494505495,206,NA,185.1699,1,NA,NA,"Facility Allowance",NA,-77.0332308,38.927174,1,"DC Bilingual "
199,"PCS","3029 14th Street, NW",364,"ES",25000,9258495,6822816,16081311,NA,364,180,130,56,0.357142857142857,0.153846153846154,0.494505494505495,206,25435.4258241758,370.3398,1,NA,NA,"Facility Allowance",NA,-77.0322034,38.9283049,1,"DC Bilingual "
138,"PCS","4025 9th Street, SE",162,"ES",15602,4742251,4854696,9596947,NA,259,0,167,22,0.644787644787645,0.0849420849420849,0,76,29273.1543209877,303.951480579413,1,NA,NA,"Facility Allowance",NA,-76.990566,38.8317414,8,"Early Childhood Academy "
138,"PCS","4301 9th Street, SE ",118,"ES",4012,4742251,4854696,9596947,NA,259,0,167,22,0.644787644787645,0.0849420849420849,0,76,40188.5677966102,1182.0166999003,1,NA,NA,"Facility Allowance",NA,-76.989567,38.8310119,8,"Early Childhood Academy "
193,"PCS","1800 Perry Street, NE",200,"ES",20200,6050898,6410448,12461346,NA,342,129,40,38,0.116959064327485,0.111111111111111,0.37719298245614,107,30254.49,299.549405940594,1,NA,NA,"Facility Allowance",NA,-76.9783016,38.9363691,5,"Latin American Montessori Bilingual (LAMB) "
193,"PCS","1375 Missouri Avenue, NW",175,"ES",16468,6050898,6410448,12461346,NA,342,129,40,38,0.116959064327485,0.111111111111111,0.37719298245614,107,34576.56,367.433689579791,1,NA,NA,"Facility Allowance",NA,-77.0323824,38.9622483,4,"Latin American Montessori Bilingual (LAMB) "
173,"PCS","15 Kennedy Street, NW",64,"ES",9000,3896368,1780680,5677048,NA,95,2,39,7,0.410526315789474,0.0736842105263158,0.0210526315789474,109,60880.75,432.929777777778,1,NA,NA,"Facility Allowance",NA,-77.010142,38.9567798,4,"Roots "
173,"PCS","6222 North Capitol Street, NW",56,"ES",1374,3896368,1780680,5677048,NA,95,2,39,7,0.410526315789474,0.0736842105263158,0.0210526315789474,109,69578,2835.7845705968,1,NA,NA,"Facility Allowance",NA,-77.0094126,38.9661824,4,"Roots "
198,"PCS","1227 4th Street, NE ",380,"ES/MS",33076,11461694,9709392,21171086,NA,518,20,126,107,0.243243243243243,0.206563706563707,0.0386100386100386,98,30162.3526315789,346.526000725602,1,NA,NA,"Facility Allowance",NA,-77.0001838,38.9067354,6,"Two Rivers "
198,"PCS","1234 4th Street, NE",144,"ES/MS",17929,9249094,9709392,18958486,NA,518,20,126,107,0.243243243243243,0.206563706563707,0.0386100386100386,98,64229.8194444444,515.87338948073,1,NA,NA,"Facility Allowance",NA,-77.000978,38.90642,6,"Two Rivers "
NA,"DCPS",NA,NA,NA,193800,4532419,0,4532419,NA,NA,NA,NA,NA,NA,NA,NA,NA,NA,23.3870949432405,0,NA,2009,"Partial Modernization",NA,NA,NA,NA,"Ferebee Hope"
NA,"DCPS",NA,NA,NA,112000,1706121,0,1706121,NA,NA,NA,NA,NA,NA,NA,NA,NA,NA,15.2332232142857,0,NA,NA,"Stabilized",NA,NA,NA,NA,"Mcterrell"
NA,"DCPS",NA,NA,NA,73700,6934511,0,6934511,NA,NA,NA,NA,NA,NA,NA,NA,NA,NA,94.0910583446404,0,NA,NA,"Stabilized",NA,NA,NA,NA,"Montgomery/Kipp"
NA,"DCPS",NA,NA,NA,144900,500000,0,500000,NA,NA,NA,NA,NA,NA,NA,NA,NA,NA,3.45065562456867,0,NA,NA,"Stabilized",NA,NA,NA,NA,"Wilkinson"
296,"DCPS","3560 Warder St  NW",609,"ES",82192,11264300,0,17026865,"CHEC (6-8)",465,290,235,52,0.505376344086022,0.111827956989247,0.623655913978495,NA,18496.3875205255,137.048617870352,1,"Phase I",2012,"Partial Modernization","Cardozo HS (9-12)",-77.0208201,38.9339752,1,"Bruce-Monroe Elementary @ Park View"
346,"DCPS","1401 Michigan Ave  NE",480,"ES/MS",69392,6533765,0,6544178,"Brookland MS",225,8,108,29,0.48,0.128888888888889,0.0355555555555556,NA,13612.0104166667,94.1573236107909,1,"Phase I",2012,"Partial Modernization","Dunbar HS",-76.9848216,38.9420075,5,"Bunker Hill Elementary"
360,"DCPS","215 G Street NE",360,"ES/MS",47200,975866,11987136,14637256,NA,310,3,25,11,0.0806451612903226,0.0354838709677419,0.00967741935483871,NA,2710.73888888889,20.6751271186441,1,"Phase 0",NA,"Stabilized","Eastern HS",-77.0025711,38.8985014,6,"Capitol Hill Montessori"
246,"DCPS","1819 35th St  NW",485,"MS",107200,50758871,0,50758871,"",386,18,96,57,0.248704663212435,0.147668393782383,0.0466321243523316,NA,104657.465979381,473.496930970149,1,"Full",2008,"Full Modernization","Wilson HS",-77.0686338,38.9153226,2,"Hardy Middle"
433,"DCPS","801 7th St SW",570,"MS",108992,0,35993000,35993000,"",277,3,179,64,0.646209386281588,0.231046931407942,0.0108303249097473,NA,0,0,1,"Phase 0",NA,"Stabilized","Eastern HS",-77.0229317,38.8798501,6,"Jefferson Middle"
466,"DCPS","2130 G St NW",520,"HS",74000,40512741,0,NA,"",590,0,91,4,0.154237288135593,0.00677966101694915,0,NA,77909.1173076923,547.469472972973,1,"Full",2009,"Full Modernization","City-Wide",-77.0479046,38.8980853,2,"School Without Walls High"
474,"DCPS","300 Bryant Street NW",350,"ALT",49496,0,9900000,9900000,"",244,2,0,45,0,0.184426229508197,0.00819672131147541,NA,0,0,1,"Phase 0",NA,"Stabilized","City-Wide",-77.0167156,38.9202168,1,"Washington Metropolitan High"
335,"DCPS","1299 Neal St NE",500,"ES/MS",86368,42645563,0,42645768,"",463,7,364,68,0.786177105831533,0.146868250539957,0.0151187904967603,NA,85291.126,493.765781307892,1,"Full",2009,"Full Modernization","Dunbar HS",-76.9884533,38.9042927,5,"Wheatley Education Campus"
308,"DCPS","1500 Mississippi Ave. SE Washington",248,"ES",77700,0,0,52963,"Johnson MS",244,0,207,34,0.848360655737705,0.139344262295082,0,NA,0,0,1,"Phase 0",NA,"Stabilized","Ballou HS",-76.9836028,38.8416964,8,"Malcolm X Elementary at Green"