"School_ID","Agency","Address","maxOccupancy","ProjectPhase","YrComplete","Level","totalSQFT","ProjectType","MajorExp9815","TotalAllotandPlan1621","LifetimeBudget","unqBuilding","FeederMS","FeederHS","Total_Enrolled","Limited_English","At_Risk","SPED","AtRiskPer","SPEDPer","ESLPer","SqFtPerEnroll","SpentPerMaxOccupancy","SpentPerSqFt","YearsOpen","Open","Open_Now","AnnualExpenseAverage","AnnualSpentPerMaxOccupany","AnnualSpentPerSqFt","longitude","latitude","Ward","School"
102,"PCS","3702 Hayes Street,  NE",NA,NA,NA,"MS",30870,"Facility Allowance",16948761,5679432,NA,1,NA,NA,303,8,204,42,0.673267326732673,0.138613861386139,0.0264026402640264,102,55936.5049504951,549.036637512148,10,2006,1,1694876.1,5593.65049504951,54.9036637512148,-76.9500149,38.9029444,"7","Cesar Chavez Parkside Middle "
105,"PCS","1300 Allison Street, NW",957,NA,NA,"ES",55000,"Facility Allowance",13482960,11058960,NA,1,NA,NA,590,213,261,53,0.442372881355932,0.0898305084745763,0.361016949152542,93,22852.4745762712,245.144727272727,10,2006,1,1348296,2285.24745762712,24.5144727272727,-77.030868,38.944517,"4","Community Academy Amos I"
106,"PCS","1400 1st Street, NW",1020,NA,NA,"ES",1e+05,"Facility Allowance",7549324,9803112,NA,1,NA,NA,523,51,272,35,0.520076481835564,0.0669216061185468,0.0975143403441683,191,14434.6539196941,75.49324,10,2006,1,754932.4,1443.46539196941,7.549324,-77.0132341,38.9090757,"5","Community Academy Butler Global"
108,"PCS","1351 Nicholson Street, NW",217,NA,NA,"ES/MS",20100,"Facility Allowance",3128675,2305512,NA,1,NA,NA,123,0,43,21,0.349593495934959,0.170731707317073,0,163,25436.3821138211,155.655472636816,9,2007,1,347630.555555556,2826.26467931346,17.2950525152018,-77.031579,38.9604804,"4","Community Academy CAPCS Online"
109,"PCS","3701 Hayes Street,  NE",834,NA,NA,"HS",36015,"Facility Allowance",3379632,6672864,NA,1,NA,NA,356,7,228,40,0.640449438202247,0.112359550561798,0.0196629213483146,101,9493.34831460674,93.839566847147,3,2013,1,1126544,3164.44943820225,31.2798556157157,-76.9491059,38.9013653,"7","Cesar Chavez Parkside Upper"
113,"PCS","645 Milwaukee Place, SE",950,NA,NA,"ES",58539,"Facility Allowance",17344193,10796544,NA,1,NA,NA,576,0,412,56,0.715277777777778,0.0972222222222222,0,102,30111.4461805556,296.284408684808,12,2003,1,1445349.41666667,2509.28718171296,24.6903673904007,-76.996974,38.847472,"8","Friendship SouthEast Academy"
114,"PCS","2917 8th Street, NE",540,NA,NA,"ES/MS",33571,"Facility Allowance",9509758,9690648,NA,1,NA,NA,517,34,264,43,0.51063829787234,0.0831721470019342,0.0657640232108317,65,18394.1160541586,283.273003485151,8,2008,1,1188719.75,2299.26450676983,35.4091254356439,-76.9946003,38.927028,"5","Hope Community Tolson Campus"
115,"PCS","405 Howard Place, NW",435,NA,NA,"MS",20968,"Facility Allowance",8215644,5510736,NA,1,NA,NA,294,11,115,9,0.391156462585034,0.0306122448979592,0.0374149659863946,71,27944.3673469388,391.818199160626,10,2006,1,821564.4,2794.43673469388,39.1818199160626,-77.0188757,38.9228511,"1","Howard University Middle School of Math and Science "
117,"PCS","4401 8th Street, NE",650,NA,NA,"ES/MS",42016,"Facility Allowance",7783669,7966200,NA,1,NA,NA,425,0,261,50,0.614117647058824,0.117647058823529,0,99,18314.5152941176,185.254879093679,10,2006,1,778366.9,1831.45152941176,18.5254879093679,-76.9944091,38.9430337,"5","Potomac Preparatory "
125,"PCS","5200 2nd Street, NW",835,NA,NA,"MS",35040,"Facility Allowance",6687433,5698176,NA,1,NA,NA,366,3,16,29,0.0437158469945355,0.0792349726775956,0.00819672131147541,96,18271.674863388,190.851398401826,7,2009,1,955347.571428571,2610.23926619828,27.2644854859752,-77.0140391,38.9538896,"4","Washington Latin Middle"
126,"PCS","1755 Newton Street, NW",663,NA,NA,"ADULT",26940,"Facility Allowance",8206459,9222048,NA,0,NA,NA,492,50,20,5,0.040650406504065,0.0101626016260163,0.101626016260163,55,16679.7947154472,304.619858945806,9,2007,1,911828.777777778,1853.31052393857,33.8466509939784,-77.0405163,38.9347901,"1","Briya Public Charter School"
126,"PCS","2333 Ontario Road, NW (Main Office)",663,NA,NA,"ADULT",26940,"Facility Allowance",8206459,9222048,NA,0,NA,NA,492,50,20,5,0.040650406504065,0.0101626016260163,0.101626016260163,55,16679.7947154472,304.619858945806,9,2007,1,911828.777777778,1853.31052393857,33.8466509939784,-77.0398021,38.9209625,"1","Briya Public Charter School"
126,"PCS","3912 Georgia Avenue, NW",663,NA,NA,"ADULT",26940,"Facility Allowance",8206459,9222048,NA,0,NA,NA,492,50,20,5,0.040650406504065,0.0101626016260163,0.101626016260163,55,16679.7947154472,304.619858945806,9,2007,1,911828.777777778,1853.31052393857,33.8466509939784,-77.0250314,38.9391892,"4","Briya Public Charter School"
127,"PCS","770 Kenyon Street, NW",420,NA,NA,"MS",36059,"Facility Allowance",6096304,6204264,NA,1,NA,NA,331,94,170,48,0.513595166163142,0.145015105740181,0.283987915407855,109,18417.836858006,169.064699520231,8,2008,1,762038,2302.22960725076,21.1330874400288,-77.025605,38.929581,"1","Cesar Chavez Chavez Prep"
128,"PCS","3014 14th St NW",100,NA,NA,"ALT",11709,"Facility Allowance",2747123,2099328,NA,1,NA,NA,112,7,0,10,0,0.0892857142857143,0.0625,105,24527.8839285714,234.616363481083,10,2006,1,274712.3,2452.78839285714,23.4616363481083,-77.0327382,38.9277886,"1","Youthbuild "
130,"PCS","707 Edgewood Street, NE",499,NA,NA,"ES",50050,"Facility Allowance",9341738,NA,NA,1,NA,NA,432,20,197,28,0.456018518518519,0.0648148148148148,0.0462962962962963,116,21624.3935185185,186.648111888112,8,2008,1,1167717.25,2703.04918981481,23.331013986014,-76.9955558,38.9241765,"5","DC Preparatory Edgewood Elementary Campus "
131,"PCS","6200 Kansas Avenue, NE",500,NA,NA,"ES",41000,"Facility Allowance",8335030,6710352,NA,1,NA,NA,358,13,148,22,0.41340782122905,0.0614525139664804,0.0363128491620112,115,23282.2067039106,203.293414634146,8,2008,1,1041878.75,2910.27583798883,25.4116768292683,-77.0085903,38.9658162,"4","Hope Community Lamond Campus"
134,"PCS","6130 N Capitol Street, NW",500,NA,NA,"ES/MS",35090,"Facility Allowance",6508377,5566968,NA,1,NA,NA,297,3,185,32,0.622895622895623,0.107744107744108,0.0101010101010101,118,21913.7272727273,185.476688515247,8,2008,1,813547.125,2739.21590909091,23.1845860644058,-77.0098236,38.9648647,"4","Ideal Academy North Capitol Street Campus Elementary"
135,"PCS","1404 Jackson Street, NE",450,NA,NA,"ES/MS",56927,"Facility Allowance",6686938,7141464,NA,1,NA,NA,381,8,237,35,0.622047244094488,0.0918635170603675,0.020997375328084,149,17551.0183727034,117.465139564706,8,2008,1,835867.25,2193.87729658793,14.6831424455882,-76.9863281,38.9295686,"5","Mary McLeod Bethune Day Academy Slowe Campus"
138,"PCS","4025 9th Street, SE",233,NA,NA,"ES",15458,"Facility Allowance",4742251,4854696,NA,0,NA,NA,259,0,167,22,0.644787644787645,0.0849420849420849,0,76,18309.8494208494,306.782960279467,8,2006,1,592781.375,2288.73117760618,38.3478700349334,-76.990566,38.8317414,"8","Early Childhood Academy "
138,"PCS","4301 9th Street, SE ",67,NA,NA,"ES",4458,"Facility Allowance",4742251,4854696,NA,0,NA,NA,259,0,167,22,0.644787644787645,0.0849420849420849,0,76,18309.8494208494,1063.76200089726,8,2006,1,592781.375,2288.73117760618,132.970250112158,-76.989567,38.8310119,"8","Early Childhood Academy "
140,"PCS","2750 14th Street, NW ",188,NA,NA,"PK3-K",12204,"Facility Allowance",3156647,3055272,NA,1,NA,NA,163,37,58,10,0.355828220858896,0.0613496932515337,0.226993865030675,75,19365.9325153374,258.656751884628,8,2008,1,394580.875,2420.74156441718,32.3320939855785,-77.0326704,38.9252369,"1","AppleTree Early Learning Center Columbia Heights"
141,"PCS","801 7th Street, SW",158,NA,NA,"PK3-K",6162,"Facility Allowance",736320,1611984,NA,1,NA,NA,86,4,41,2,0.476744186046512,0.0232558139534884,0.0465116279069767,72,8561.86046511628,119.493670886076,4,2012,1,184080,2140.46511627907,29.873417721519,-77.0229317,38.8798501,"6","AppleTree Early Learning Center Southwest"
142,"PCS","1244 Taylor Street. NW",534,NA,NA,"ES",20676,"Facility Allowance",3405436,5098368,NA,0,NA,NA,272,102,93,77,0.341911764705882,0.283088235294118,0.375,76,12519.9852941176,164.704778487135,10,2006,1,340543.6,1251.99852941176,16.4704778487135,-77.0283582,38.9407171,"4","Bridges "
142,"PCS","1250 Taylor Street, NW",534,NA,NA,"ES",20676,"Facility Allowance",3405436,5098368,NA,0,NA,NA,272,102,93,77,0.341911764705882,0.283088235294118,0.375,76,12519.9852941176,164.704778487135,10,2006,1,340543.6,1251.99852941176,16.4704778487135,-77.0285894,38.9405054,"4","Bridges "
146,"PCS","3600 Georgia Avenue, NW",516,NA,NA,"MS",45484,"Facility Allowance",6850144,NA,NA,1,NA,NA,377,54,157,77,0.416445623342175,0.204244031830239,0.143236074270557,121,18170.1432360743,150.60557558702,6,2010,1,1141690.66666667,3028.35720601238,25.1009292645033,-77.0243669,38.9343788,"1","E L Haynes Georgia Avenue"
153,"PCS","709 12th Street, SE",430,NA,NA,"HS",40000,"Facility Allowance",12075294,6710352,NA,1,NA,NA,358,21,225,70,0.628491620111732,0.195530726256983,0.058659217877095,112,33729.8715083799,301.88235,10,2006,1,1207529.4,3372.98715083799,30.188235,-76.9907031,38.8807813,"6","Cesar Chavez Capitol Hill "
158,"PCS","33 Riggs Road, NE",600,NA,NA,"ES",50600,"Facility Allowance",5565731,6166776,NA,1,NA,NA,329,86,193,18,0.586626139817629,0.0547112462006079,0.261398176291793,154,16917.1155015198,109.994683794466,10,2006,1,556573.1,1691.71155015198,10.9994683794466,-77.006643,38.9549208,"5","Community Academy Amos II"
159,"PCS","3700 Oakview Terrace, NE",450,NA,NA,"ES",32341,"Facility Allowance",11118784,6560400,NA,1,NA,NA,350,63,62,26,0.177142857142857,0.0742857142857143,0.18,92,31767.9542857143,343.798398317925,17,1999,1,654046.117647059,1868.70319327731,20.223435195172,-76.9899667,38.934916,"5","Elsie Whitlow Stokes Community Freedom "
163,"PCS","1027 45th Street, NE",490,NA,NA,"HS",70000,"Facility Allowance",13450019,4067448,NA,1,NA,NA,217,1,165,42,0.76036866359447,0.193548387096774,0.00460829493087558,323,61981.6543778802,192.143128571429,17,1999,1,791177.588235294,3645.97966928707,11.3025369747899,-76.937087,38.904173,"7","IDEA "
165,"PCS","2120 13th Street, NW",718,NA,NA,"ES/MS",61900,"Facility Allowance",20265712,11977416,NA,1,NA,NA,639,176,294,77,0.460093896713615,0.120500782472613,0.275430359937402,97,31714.7292644757,327.394378029079,16,2000,1,1266607,1982.17057902973,20.4621486268174,-77.0299375,38.9185351,"1","Meridian "
169,"PCS","1375 E Street, NE",1127,NA,NA,"MS/HS",66622,"Facility Allowance",5525896,5023392,NA,1,NA,NA,268,0,218,168,0.813432835820896,0.626865671641791,0,249,20619.0149253731,82.9440124883672,6,2010,1,920982.666666667,3436.50248756219,13.8240020813945,-76.986356,38.895719,"6","Options "
173,"PCS","15 Kennedy Street, NW",230,NA,NA,"ES",10374,"Facility Allowance",3896368,1780680,NA,0,NA,NA,95,2,39,7,0.410526315789474,0.0736842105263158,0.0210526315789474,109,41014.4,375.589743589744,16,2000,1,243523,2563.4,23.474358974359,-77.010142,38.9567798,"4","Roots "
173,"PCS","6222 North Capitol Street, NW",230,NA,NA,"ES",10374,"Facility Allowance",3896368,1780680,NA,0,NA,NA,95,2,39,7,0.410526315789474,0.0736842105263158,0.0210526315789474,109,41014.4,375.589743589744,16,2000,1,243523,2563.4,23.474358974359,-77.0094126,38.9661824,"4","Roots "
174,"PCS","4300 C Street, SE",488,NA,NA,"MS/HS",48128,"Facility Allowance",31414511,16924320,NA,1,NA,NA,336,0,172,57,0.511904761904762,0.169642857142857,0,143,93495.5684523809,652.728370179521,17,1999,1,1847912.41176471,5499.73932072829,38.3957864811483,-76.9464327,38.8869027,"7","School for Educational Evolution and Development (SEED) "
178,"PCS","1920 Bladensburg Road, NE",420,NA,NA,"HS",49116,"Facility Allowance",13661934,6279240,NA,1,NA,NA,335,3,222,72,0.662686567164179,0.214925373134328,0.00895522388059702,147,40781.8925373134,278.156486684583,17,1999,1,803643.176470588,2398.93485513608,16.3621462755637,-76.9737654,38.9164261,"5","Washington Math Science Tech "
182,"PCS","101 Peabody Street, NW",NA,NA,NA,"MS",57033,"Facility Allowance",3252992,5998080,NA,1,NA,NA,320,38,111,56,0.346875,0.175,0.11875,178,10165.6,57.037013658759,4,2009,1,813248,2541.4,14.2592534146897,-77.0110697,38.9627222,"4","Capital City Middle School"
183,"PCS","2315 18th Place, NE",1393,NA,NA,"ES/MS",28076,"Facility Allowance",10057948,5360784,NA,1,NA,NA,286,2,185,25,0.646853146853147,0.0874125874125874,0.00699300699300699,98,35167.6503496504,358.240062686992,15,2001,1,670529.866666667,2344.51002331002,23.8826708457995,-76.9777082,38.9207757,"5","Tree of Life Community "
184,"PCS","100 Peabody Street, NW",1180,NA,NA,"ES",57033,"Facility Allowance",5829980,6035568,NA,1,NA,NA,322,95,72,15,0.22360248447205,0.046583850931677,0.295031055900621,177,18105.5279503106,102.221170199709,7,2009,1,832854.285714286,2586.50399290151,14.6030243142441,-77.0126091,38.9623344,"4","Capital City Lower "
186,"PCS","4095 Minnesota Avenue, NE",1500,NA,NA,"HS",152000,"Facility Allowance",37822656,16550952,NA,1,NA,NA,883,0,517,165,0.585503963759909,0.186862967157418,0,172,42834.2650056625,248.833263157895,12,2003,1,3151888,3569.52208380521,20.7361052631579,-76.9459338,38.897574,"7","Friendship Woodson Collegiate Academy"
187,"PCS","3301 Wheeler Road, SE",1149,NA,NA,"MS",112000,"Facility Allowance",1217280,4498560,NA,1,NA,NA,240,0,160,44,0.666666666666667,0.183333333333333,0,467,5072,10.8685714285714,2,2014,1,608640,2536,5.43428571428571,-76.9939903,38.842272,"8","Somerset "
188,"PCS","701 Howard Road, SE",650,NA,NA,"PK3-K",31000,"Facility Allowance",2065776,6710352,NA,1,NA,NA,358,0,261,9,0.729050279329609,0.0251396648044693,0,87,5770.32402234637,66.637935483871,2,2014,1,1032888,2885.16201117318,33.3189677419355,-76.999207,38.8641137,"8","Cedar Tree Academy "
191,"PCS","2427 Martin Luther King Jr. Avenue, SE",416,NA,NA,"HS",63625,"Facility Allowance",12321572,7403880,NA,1,NA,NA,395,0,216,50,0.546835443037975,0.126582278481013,0,161,31193.853164557,193.659284872299,14,2002,1,880112.285714286,2228.13236889693,13.832806062307,-76.9937866,38.862346,"8","Thurgood Marshall Academy "
193,"PCS","1375 Missouri Avenue, NW",566,NA,NA,"ES",36668,"Facility Allowance",6050898,6410448,NA,0,NA,NA,342,129,40,38,0.116959064327485,0.111111111111111,0.37719298245614,107,17692.6842105263,165.018490236719,12,2004,1,504241.5,1474.39035087719,13.7515408530599,-77.0323824,38.9622483,"4","Latin American Montessori Bilingual (LAMB) "
195,"PCS","3400 Wheeler Road, SE",1241,NA,NA,"ES",60000,"Facility Allowance",10094728,14507856,NA,1,NA,NA,774,2,466,83,0.602067183462532,0.107235142118863,0.00258397932816537,78,13042.2842377261,168.245466666667,6,2010,1,1682454.66666667,2173.71403962102,28.0409111111111,-76.9936441,38.8406263,"8","Eagle Academy- Eagle Center at McGogney"
196,"PCS"," 701 Edgewood Street, NE",340,NA,NA,"MS",39746,"Facility Allowance",6749878,NA,NA,1,NA,NA,294,1,101,46,0.343537414965986,0.156462585034014,0.00340136054421769,135,22958.768707483,169.825340914809,8,2008,1,843734.75,2869.84608843537,21.2281676143511,-76.9959848,38.9247765,"5","DC Preparatory Edgewood Middle Campus "
197,"PCS","6015 Chillum Place, NE",NA,NA,NA,"ES",15680,"Facility Allowance",483192,1611984,NA,1,NA,NA,86,8,24,8,0.27906976744186,0.0930232558139535,0.0930232558139535,NA,5618.51162790698,30.8158163265306,2,2014,1,241596,2809.25581395349,15.4079081632653,-77.0074503,38.9639099,"4","Sela "
198,"PCS","1227 4th Street, NE ",686,NA,NA,"ES/MS",51005,"Facility Allowance",8446894,9709392,NA,0,NA,NA,518,20,126,107,0.243243243243243,0.206563706563707,0.0386100386100386,98,16306.7451737452,165.60913635918,8,2005,1,1055861.75,2038.34314671815,20.7011420448976,-77.0001838,38.9067354,"6","Two Rivers "
198,"PCS","1234 4th Street, NE",686,NA,NA,"ES/MS",51005,"Facility Allowance",8446894,9709392,NA,0,NA,NA,518,20,126,107,0.243243243243243,0.206563706563707,0.0386100386100386,98,16306.7451737452,165.60913635918,8,2005,1,1055861.75,2038.34314671815,20.7011420448976,-77.000978,38.90642,"6","Two Rivers "
199,"PCS","1420 Columbia Road, NW",809,NA,NA,"ES",75000,"Facility Allowance",9258495,NA,NA,0,NA,NA,364,180,130,56,0.357142857142857,0.153846153846154,0.494505494505495,206,25435.4258241758,123.4466,11,2005,1,841681.363636364,2312.31143856144,11.2224181818182,-77.0332308,38.927174,"1","DC Bilingual "
199,"PCS","3029 14th Street, NW",809,NA,NA,"ES",75000,"Facility Allowance",9258495,NA,NA,0,NA,NA,364,180,130,56,0.357142857142857,0.153846153846154,0.494505494505495,206,25435.4258241758,123.4466,11,2005,1,841681.363636364,2312.31143856144,11.2224181818182,-77.0322034,38.9283049,"1","DC Bilingual "
202,"DCPS","533 48th Pl  NE",442,"Phase 0",NA,"ES",57100,"STABILIZED",8916,12115000,"14515000",1,"Kelly Miller MS","Woodson HS",262,1,214,42,0.816793893129771,0.16030534351145,0.00381679389312977,218,20.1719457013575,0.15614711033275,NA,NA,1,NA,NA,NA,-76.9333547,38.8970081,"7","Aiton Elementary"
204,"DCPS","1755 Newton St  NW",563,"Phase 0",NA,"ES",79792,"STABILIZED",1446450,59943000,"66496000",1,"Deal MS","Wilson HS",508,279,181,54,0.356299212598425,0.106299212598425,0.549212598425197,157,2569.18294849023,18.1277571686385,NA,NA,1,NA,NA,NA,-77.0405163,38.9347901,"1","Bancroft Elementary"
205,"DCPS","430 Decatur St  NW",486,"Full",2003,"ES",72496,"FULL REPLACEMENT",17867772,0,"17867772",1,"Truesdell or West EC (6th-8th)","Roosevelt HS",602,193,284,72,0.471760797342193,0.119601328903654,0.320598006644518,120,36764.962962963,246.465625689693,NA,NA,1,NA,NA,NA,-77.018458,38.9479619,"4","Barnard Elementary"
206,"DCPS","3600 Alabama Ave  SE",430,"Phase I",2013,"ES",77488,"PARTIAL MOD",14813933,-24188,"15123196",1,"Sousa MS","Anacostia HS",438,1,243,79,0.554794520547945,0.180365296803653,0.00228310502283105,177,34451.0069767442,191.177124199876,NA,NA,1,NA,NA,NA,-76.9556094,38.8646071,"7","Beers Elementary"
210,"PCS","705 Edgewood Street, NE",560,NA,NA,"ES/MS",46835,"Facility Allowance",6138356,8228616,NA,1,NA,NA,439,13,223,35,0.507972665148064,0.0797266514806378,0.0296127562642369,107,13982.5876993166,131.06343546493,6,2005,1,1023059.33333333,2330.43128321944,21.8439059108217,-76.9957981,38.9236618,"5","William E. Doar Jr "
212,"DCPS","301 North Carolina Ave  SE",369,"Phase I",2009,"ES",47500,"PARTIAL MOD",4475354,0,"4485194",1,"Jefferson Acad. MS","Eastern HS",368,5,23,22,0.0625,0.0597826086956522,0.0135869565217391,129,12128.3306233062,94.2179789473684,NA,NA,1,NA,NA,NA,-77.0013712,38.8847202,"6","Brent Elementary"
213,"DCPS","1300 Nicholson St NW",584,"Full",2005,"ES/MS",78000,"FULL MOD + ADD",22265461,0,"22269148",1,"","Coolidge HS",639,379,302,78,0.472613458528951,0.122065727699531,0.593114241001565,122,38125.7893835616,285.454628205128,NA,NA,1,NA,NA,NA,-77.0301586,38.9607113,"4","Brightwood Education Campus"
216,"PCS","2405 Martin Luther King Jr. Avenue, SE",155,NA,NA,"ADULT",11000,"Facility Allowance",1339656,5117112,NA,1,NA,NA,273,0,0,1,0,0.00366300366300366,0,40,4907.16483516484,121.786909090909,2,2014,1,669828,2453.58241758242,60.8934545454545,-76.9927263,38.8628141,"8","Community College Preparatory Academy "
217,"PCS","1500 Mississippi Avenue, SE",NA,NA,NA,"ES",23302,"Facility Allowance",3963509,5004648,NA,1,NA,NA,267,1,132,23,0.49438202247191,0.0861423220973783,0.00374531835205993,87,14844.6029962547,170.093082138872,7,2009,1,566215.571428571,2120.65757089353,24.2990117341246,-76.9836028,38.8416964,"8","Achievement Preparatory-Elementary"
218,"PCS","101 41st Street, NE",NA,NA,NA,"MS",26784,"Facility Allowance",697944,2849088,NA,1,NA,NA,152,1,67,22,0.440789473684211,0.144736842105263,0.00657894736842105,176,4591.73684210526,26.0582437275986,2,2014,1,348972,2295.86842105263,13.0291218637993,-76.944288,38.891529,"7","DC Preparatory Benning Middle Campus"
221,"DCPS","801 Division Ave  NE",400,"Phase I",2010,"ES",94992,"PARTIAL MOD",2991980,0,"2996347",1,"Kelly Miller MS","Woodson HS",360,2,244,36,0.677777777777778,0.1,0.00555555555555556,264,7479.95,31.4971787097861,NA,NA,1,NA,NA,NA,-76.923953,38.9004502,"7","Burrville Elementary"
224,"DCPS","1825 8th St  NW",320,"Full",2004,"ES",53000,"FULL MOD + ADD",20270264,0,"20270264",1,"Cardozo EC (6-8)","Cardozo EC (9-12)",308,47,137,36,0.444805194805195,0.116883116883117,0.152597402597403,172,63344.575,382.457811320755,NA,NA,1,NA,NA,NA,-77.0225898,38.9150577,"1","Cleveland Elementary"
228,"PCS","301 Douglas Street, NE",162,NA,NA,"ES",13200,"Facility Allowance",227328,1387056,NA,1,NA,NA,74,0,10,5,0.135135135135135,0.0675675675675676,0,178,3072,17.2218181818182,1,2015,1,227328,3072,17.2218181818182,-77.0020346,38.9234284,"5","Lee Montessori "
231,"DCPS","5600 Eads St  NE",362,"Phase I",2010,"ES",72800,"PARTIAL MOD",4898637,0,"4938279",1,"Kelly Miller MS","Woodson HS",201,0,166,34,0.825870646766169,0.169154228855721,0,362,13532.1464088398,67.2889697802198,NA,NA,1,NA,NA,NA,-76.9198214,38.8961276,"7","Drew Elementary"
232,"DCPS","3301 Lowell St  NW",415,"Phase 0",NA,"ES",49096,"STABILIZED",81414,15552000,"15633414",1,"Hardy MS","Eastern HS",257,2,161,63,0.626459143968872,0.245136186770428,0.00778210116731518,191,196.178313253012,1.65826136548802,NA,NA,1,NA,NA,NA,-77.0657958,38.9328813,"3","Eaton Elementary"
233,"PCS","
421 Alabama Avenue, SE",186,NA,NA,"ADULT",21375,"Facility Allowance",786432,4798464,NA,0,NA,NA,256,0,0,0,0,0,0,83,3072,36.7921403508772,1,2015,1,786432,3072,36.7921403508772,-76.9998836,38.842743,"8","Academy of Hope Adult "
233,"PCS","601 Edgewood Street, NE",186,NA,NA,"ADULT",21375,"Facility Allowance",786432,4798464,NA,0,NA,NA,256,0,0,0,0,0,0,83,3072,36.7921403508772,1,2015,1,786432,3072,36.7921403508772,-76.9971713,38.9237975,"5","Academy of Hope Adult "
234,"PCS","3100 Martin Luther King Jr. Avenue, SE",890,NA,NA,"ES",42528,"Facility Allowance",1904640,11621280,NA,1,NA,NA,620,1,436,70,0.703225806451613,0.112903225806452,0.00161290322580645,69,3072,44.7855530474041,1,2015,1,1904640,3072,44.7855530474041,-76.9981457,38.8434987,"8","Democracy Prep-Congress Heights"
238,"DCPS","2435 Alabama Ave  SE",365,"Phase 0",NA,"ES",58904,"STABILIZED",1082203,12583908,"14338493",1,"Johnson MS","Ballou HS",284,0,233,35,0.820422535211268,0.123239436619718,0,207,2964.9397260274,18.3723176694282,NA,NA,1,NA,NA,NA,-76.9702748,38.8517226,"8","Garfield Elementary"
239,"DCPS","1200 S St  NW",356,"Phase 0",NA,"ES",60200,"STABILIZED",655646,2e+07,"2.40E+07",1,"Cardozo EC (6-8)","Cardozo EC (9-12)",244,35,117,40,0.479508196721311,0.163934426229508,0.14344262295082,247,1841.70224719101,10.8911295681063,NA,NA,1,NA,NA,NA,-77.028449,38.9138357,"2","Garrison Elementary"
245,"PCS","62 T Street, NE",220,NA,NA,"ES",20000,"Facility Allowance",202752,1237104,NA,1,NA,NA,66,0,40,8,0.606060606060606,0.121212121212121,0,303,3072,10.1376,1,2015,1,202752,3072,10.1376,-77.0066585,38.916063,"5","Harmony DC-School of Excellence"
248,"PCS","3220 16th Street, NW",308,NA,NA,"MS",20217,"Facility Allowance",645120,3936240,NA,1,NA,NA,210,26,44,40,0.20952380952381,0.19047619047619,0.123809523809524,96,3072,31.9097788989464,1,2015,1,645120,3072,31.9097788989464,-77.0367897,38.9313597,"1","District of Columbia International School"
249,"DCPS","425 Chesapeake St  SE",520,"Phase I",2013,"ES",73200,"PARTIAL MOD",15937127,0,"16150915",1,"Hart MS","Ballou HS",503,0,453,84,0.900596421471173,0.166998011928429,0,146,30648.3211538462,217.72031420765,NA,NA,1,NA,NA,NA,-76.9991386,38.8286428,"8","Hendley Elementary"
251,"DCPS","1100 50th Pl  NE",398,"Phase 0",NA,"ES",59896,"STABILIZED",1191032,15693000,"16943000",1,"Kelly Miller MS","Woodson HS",279,3,209,40,0.74910394265233,0.14336917562724,0.010752688172043,215,2992.54271356784,19.8850006678242,NA,NA,1,NA,NA,NA,-76.9302932,38.9054178,"7","Houston Elementary"
254,"DCPS","4130 Albemarle St  NW",700,"Full",2011,"ES",96083,"FULL MOD + ADD",37443325,0,"37949758",1,"Deal MS","Wilson HS",693,30,8,38,0.0115440115440115,0.0548340548340548,0.0432900432900433,139,53490.4642857143,389.697709272192,NA,NA,1,NA,NA,NA,-77.0812196,38.9474491,"3","Janney Elementary"
257,"DCPS","1919 15th St  SE",325,"Phase I",2012,"ES",88288,"PARTIAL MOD",8328691,0,"8336451",1,"Kramer MS","Anacostia HS",309,0,265,37,0.857605177993528,0.119741100323625,0,286,25626.7415384615,94.3354816056542,NA,NA,1,NA,NA,NA,-76.9836485,38.8660524,"8","Ketcham Elementary"
258,"DCPS","3950 37th St  NW",330,"Full",2015,"ES",62309,"FULL MOD + ADD",35678706,361277,"43433519",1,"Deal MS","Wilson HS",291,28,39,25,0.134020618556701,0.0859106529209622,0.0962199312714777,214,108117.290909091,572.609189683673,NA,NA,1,NA,NA,NA,-77.0717568,38.9405368,"3","Hearst Elementary"
259,"DCPS","3375 Minnesota Ave  SE",398,"Phase 0",NA,"ES",83392,"STABILIZED",0,17696000,"17696000",1,"Sousa MS","Anacostia HS",348,0,268,48,0.770114942528736,0.137931034482759,0,240,0,0,NA,NA,1,NA,NA,NA,-76.9575142,38.8828821,"7","Kimball Elementary"
261,"DCPS","5701 Broad Branch Rd  NW",516,"Full",2015,"ES",113600,"FULL MOD + ADD",9939007,59373105,"78650000",1,"Deal MS","Wilson HS",697,21,19,47,0.0272596843615495,0.0674318507890961,0.03012912482066,163,19261.6414728682,87.4912588028169,NA,NA,1,NA,NA,NA,-77.0679076,38.9664459,"4","Lafayette Elementary"
266,"DCPS","4201 M L  King Ave  SW",480,"Phase I",2012,"ES",65000,"PARTIAL MOD",595860,0,"595860",1,"Hart MS","Ballou HS",478,8,226,53,0.472803347280335,0.110878661087866,0.0167364016736402,136,1241.375,9.16707692307692,NA,NA,1,NA,NA,NA,-77.0132599,38.8282308,"8","Leckie Elementary"
272,"DCPS","5001 Dana Pl  NW",364,"Full",2003,"ES",50000,"FULL MOD + ADD",13007488,0,"13007488",1,"Hardy MS","Wilson HS",383,28,12,27,0.031331592689295,0.0704960835509138,0.0731070496083551,131,35734.8571428571,260.14976,NA,NA,1,NA,NA,NA,-77.100542,38.926599,"3","Key Elementary"
273,"DCPS","4430 Newark St NW",370,"Full",2015,"ES",60969,"FULL MOD + ADD",34565362,-5e+05,"37197238",1,"Hardy MS","Wilson HS",302,34,4,12,0.0132450331125828,0.0397350993377483,0.112582781456954,202,93419.8972972973,566.933392379734,NA,NA,1,NA,NA,NA,-77.087418,38.934026,"3","Mann Elementary"
274,"DCPS","1250 Constitution Ave NE",300,"Phase I",2011,"ES",46800,"PARTIAL MOD",6444395,5044000,"12620745",1,"Eliot-Hine MS","Eastern HS",366,2,48,23,0.131147540983607,0.0628415300546448,0.00546448087431694,128,21481.3166666667,137.700747863248,NA,NA,1,NA,NA,NA,-76.9886668,38.8921729,"6","Maury Elementary"
280,"DCPS","601 15th St  NE",550,"Full",2003,"ES",76896,"FULL REPLACEMENT",6391359,0,"6391359",1,"Eliot-Hine MS","Eastern HS",398,7,296,66,0.743718592964824,0.165829145728643,0.0175879396984925,193,11620.6527272727,83.1169241573034,NA,NA,1,NA,NA,NA,-76.9829046,38.8979598,"6","Miner Elementary"
284,"DCPS","2201 18th St. NW",470,"Phase 0",NA,"ES",162688,"STABILIZED",2970097,54503000,"64904196",1,"Col Hts. Ed. Campus (6-8)","Cardozo EC (9-12)",393,189,143,41,0.363867684478371,0.104325699745547,0.480916030534351,414,6319.35531914894,18.2563987509835,NA,NA,1,NA,NA,NA,-77.0416361,38.9183938,"1","Marie Reed Elementary"
285,"DCPS","1565 Morris Rd SE",480,"Full",2012,"ES",99696,"FULL MOD",27716993,0,"27856881",1,"Kramer MS","Anacostia HS",395,0,348,65,0.881012658227848,0.164556962025316,0,252,57743.7354166667,278.01509589151,NA,NA,1,NA,NA,NA,-76.9828753,38.8564345,"8","Moten Elementary"
287,"DCPS","4810 36th St  NW",488,"Phase 0",NA,"ES",47696,"STABILIZED",748083,63156000,"68294774",1,"Deal MS","Wilson HS",620,56,18,23,0.0290322580645161,0.0370967741935484,0.0903225806451613,77,1532.95696721311,15.6843970144247,NA,NA,1,NA,NA,NA,-77.0704556,38.9527132,"3","Murch Elementary"
288,"DCPS","219 50th St  SE",400,"Phase I",2012,"ES",83900,"PARTIAL MOD",11521407,0,"11570572",1,"Kelly Miller MS","Woodson HS",384,6,295,45,0.768229166666667,0.1171875,0.015625,218,28803.5175,137.323087008343,NA,NA,1,NA,NA,NA,-76.9311143,38.8860027,"7","Nalle Elementary"
291,"DCPS","2200 Minnesota Ave  SE",392,"Phase 0",NA,"ES",75900,"STABILIZED",NA,41995000,"44995000",1,"Kramer MS","Anacostia HS",384,2,295,54,0.768229166666667,0.140625,0.00520833333333333,198,NA,NA,NA,NA,1,NA,NA,NA,-76.974441,38.8720446,"8","Orr Elementary"
294,"DCPS","4399 South Capitol Terr  SW",382,"Full",2004,"ES",76896,"FULL REPLACEMENT",5365870,0,"5365870",1,"Hart MS","Ballou HS",380,1,323,44,0.85,0.115789473684211,0.00263157894736842,202,14046.780104712,69.7808728672493,NA,NA,1,NA,NA,NA,-77.0081965,38.8267436,"8","Patterson Elementary"
295,"DCPS","1445 C St SE",348,"Full",2016,"ES",83792,"FULL MOD",22389213,27450,"27815086",1,"Eliot-Hine MS","Eastern HS",277,5,165,30,0.595667870036101,0.108303249097473,0.0180505415162455,302,64336.8189655172,267.199887817453,NA,NA,1,NA,NA,NA,-76.984559,38.884501,"6","Payne Elementary"
299,"DCPS","4601 Texas Ave  SE",448,"Phase I",2014,"ES",69392,"PARTIAL MOD",13846933,26191,"14299544",1,"Sousa MS","Anacostia HS",428,24,354,54,0.827102803738318,0.126168224299065,0.0560747663551402,162,30908.3325892857,199.546532741526,NA,NA,1,NA,NA,NA,-76.9396434,38.88707,"7","Plummer Elementary"
300,"DCPS","1350 Upshur St  NW",304,"Full",2016,"ES",76848,"FULL MOD + ADD",25490976,2504026,"44744174",1,"Col. Hts. EC (6-8)","Cardozo EC (6-12)",446,250,202,57,0.452914798206278,0.12780269058296,0.560538116591928,172,83851.8947368421,331.706433479076,NA,NA,1,NA,NA,NA,-77.031615,38.941504,"4","Powell Elementary"
302,"DCPS","915 Spring Rd  NW",615,"Phase 0",NA,"ES/MS",73600,"STABILIZED",0,19567000,"19567000",1,"","Roosevelt HS",581,245,308,96,0.530120481927711,0.165232358003442,0.421686746987952,127,0,0,NA,NA,1,NA,NA,NA,-77.0261699,38.9359279,"4","Raymond Education Campus"
305,"DCPS","1730 R St  NW",176,"Phase I",2012,"ES",22400,"PARTIAL MOD",2604666,0,"2612974",1,"Cardozo EC (6-8)","Cardozo EC (9-12)",166,28,10,5,0.0602409638554217,0.0301204819277108,0.168674698795181,135,14799.2386363636,116.279732142857,NA,NA,1,NA,NA,NA,-77.039739,38.9123701,"2","Ross Elementary"
307,"DCPS","2400 Shannon Pl SE",430,"Full",2009,"ES",86800,"FULL MOD + ADD",21059646,0,"21059646",1,"Kramer MS","Anacostia HS",408,4,333,51,0.816176470588235,0.125,0.00980392156862745,213,48975.9209302326,242.622649769585,NA,NA,1,NA,NA,NA,-76.9936331,38.8628014,"8","Savoy Elementary"
309,"DCPS","1503 10th St  NW",325,"Phase I",2011,"ES",65000,"PARTIAL MOD",4298925,0,"4302057",1,"Cardozo EC (6-8)","Cardozo EC (9-12)",295,125,148,32,0.501694915254237,0.108474576271186,0.423728813559322,220,13227.4615384615,66.1373076923077,NA,NA,1,NA,NA,NA,-77.0252248,38.9106173,"2","Seaton Elementary"
313,"DCPS","7800 14th St  NW",400,"Phase I",2016,"ES",79696,"FULL MOD + ADD",20462934,1274389,"31576280",1,"Hardy MS","Wilson HS",318,6,59,39,0.185534591194969,0.122641509433962,0.0188679245283019,251,51157.335,256.762372013652,NA,NA,1,NA,NA,NA,-77.034304,38.98471,"4","Shepherd Elementary"
315,"DCPS","401 Mississippi Ave  SE",325,"Phase I",2012,"ES",66192,"PARTIAL MOD",8505311,0,"8672620",1,"Hart MS","Ballou HS",293,2,227,38,0.774744027303754,0.129692832764505,0.0068259385665529,226,26170.1876923077,128.494546168721,NA,NA,1,NA,NA,NA,-77.0000152,38.8359119,"8","Simon Elementary"
316,"DCPS","1650 30th St  SE",450,"Full",2002,"ES",72476,"FULL REPLACEMENT",8391223,0,"8391223",1,"Kramer MS","Anacostia HS",360,3,228,49,0.633333333333333,0.136111111111111,0.00833333333333333,201,18647.1622222222,115.779333848446,NA,NA,1,NA,NA,NA,-76.9638892,38.870144,"7","Randle Highlands Elementary"
319,"DCPS","2701 Naylor Rd  SE",586,"Full",2016,"ES",95000,"FULL MOD + ADD",23307939,2165644,"36035000",1,"Kramer MS","Anacostia HS",578,0,502,94,0.868512110726644,0.162629757785467,0,164,39774.6399317406,245.346726315789,NA,NA,1,NA,NA,NA,-76.9686199,38.8592905,"8","Stanton Elementary"
321,"DCPS","4001 Calvert St  NW",320,"Full",2010,"ES",65200,"FULL MOD + ADD",18707417,0,"18707417",1,"Hardy MS","Wilson HS",418,72,18,15,0.0430622009569378,0.0358851674641148,0.172248803827751,156,58460.678125,286.923573619632,NA,NA,1,NA,NA,NA,-77.078913,38.922673,"3","Stoddert Elementary"
322,"DCPS","4400 Brooks St  NE",344,"Phase 0",NA,"ES",43000,"STABILIZED",152322,12679000,"12831322",1,"Kelly Miller MS","Woodson HS",275,6,203,30,0.738181818181818,0.109090909090909,0.0218181818181818,156,442.796511627907,3.54237209302326,NA,NA,1,NA,NA,NA,-76.9384696,38.8936613,"7","Smothers Elementary"
324,"DCPS","7010 Piney Branch Rd  NW",450,"Full",2012,"ES/MS",118992,"FULL MOD",26979598,0,"27036559",1,"","Coolidge HS",442,113,189,70,0.427601809954751,0.158371040723982,0.255656108597285,269,59954.6622222222,226.734553583434,NA,NA,1,NA,NA,NA,-77.022757,38.975217,"4","Takoma Education Campus"
325,"DCPS","650 Anacostia Ave NE",474,"Phase I",2013,"ES",87600,"PARTIAL MOD",7563320,0,"7572071",1,"Kelly Miller MS","Woodson HS",408,6,295,44,0.723039215686274,0.107843137254902,0.0147058823529412,215,15956.3713080169,86.3392694063927,NA,NA,1,NA,NA,NA,-76.952024,38.901224,"7","Thomas Elementary"
326,"DCPS","1200 L St  NW",320,"Full",2006,"ES",74992,"FULL MOD + ADD",25521091,0,"25521091",1,"Jefferson Acad. MS","Eastern HS",272,141,124,40,0.455882352941176,0.147058823529412,0.518382352941177,276,79753.409375,340.317513868146,NA,NA,1,NA,NA,NA,-77.028505,38.9033859,"2","Thomson Elementary"
327,"DCPS","800 Ingraham St  NW",542,"Phase I",2010,"ES/MS",69600,"PARTIAL MOD",4465045,7489000,"11954045",1,"","Roosevelt HS",526,239,290,104,0.551330798479088,0.197718631178707,0.454372623574144,132,8238.09040590406,64.1529454022989,NA,NA,1,NA,NA,NA,-77.0244158,38.9539256,"4","Truesdell Education Campus"
328,"DCPS","3101 13th St  NW",500,"Phase I",2009,"ES",66592,"PARTIAL MOD",3644743,0,"3644743",1,"Col. Hts. EC (6-8)","Cardozo EC (9-12)",498,167,302,69,0.606425702811245,0.13855421686747,0.335341365461847,134,7289.486,54.7324453387794,NA,NA,1,NA,NA,NA,-77.0297009,38.9286359,"1","Tubman Elementary"
329,"DCPS","3264 Stanton Rd SE",530,"Full",2013,"ES",101093,"FULL MOD + ADD",27580545,0,"27695424",1,"Johnson MS","Ballou HS",392,0,333,52,0.849489795918367,0.13265306122449,0,258,52038.7641509434,272.823489262362,NA,NA,1,NA,NA,NA,-76.9804398,38.8473486,"8","Turner Elementary"
330,"DCPS","1001 G St  SE",564,"Phase I",2010,"ES",69600,"PARTIAL MOD",3750929,0,"3750929",1,"Jefferson Acad. MS","Eastern HS",522,9,239,74,0.457854406130268,0.14176245210728,0.0172413793103448,133,6650.58333333333,53.892658045977,NA,NA,1,NA,NA,NA,-76.9922965,38.8810182,"6","Tyler Elementary"
336,"DCPS","1338 Farragut St  NW",278,"Phase 0",NA,"ES/MS",69642,"STABILIZED",0,35095000,"35095000",1,"","Roosevelt HS",267,27,112,44,0.419475655430712,0.164794007490637,0.101123595505618,261,0,0,NA,NA,1,NA,NA,NA,-77.032481,38.9513341,"4","West Education Campus"
338,"DCPS","6201 5th St  NW",520,"Phase I",2013,"ES/MS",71092,"PARTIAL MOD + ADD",5208611,0,"5241031",1,"","Coolidge HS",350,38,214,74,0.611428571428571,0.211428571428571,0.108571428571429,203,10016.5596153846,73.265782366511,NA,NA,1,NA,NA,NA,-77.019146,38.9658779,"4","Whittier Education Campus"
365,"PCS","2959 Carlton Avenue, NE",600,NA,NA,"ES",37000,"Facility Allowance",18909379,5323296,NA,1,NA,NA,284,8,127,12,0.447183098591549,0.0422535211267606,0.028169014084507,130,66582.3204225352,511.064297297297,12,2003,1,1575781.58333333,5548.52670187793,42.5886914414414,-76.9662004,38.9294874,"5","Friendship Woodridge Elementary"
366,"PCS","2960 Carlton Avenue, NE",NA,NA,NA,"MS",NA,"Facility Allowance",516096,3148992,NA,1,NA,NA,168,1,75,35,0.446428571428571,0.208333333333333,0.00595238095238095,NA,3072,NA,1,2015,1,516096,3072,NA,-76.967187,38.930047,"5","Friendship Woodridge Middle"
402,"DCPS","800 Euclid St  NW",620,"Phase 0",NA,"HS",180000,"STABILIZED",671104,77074000,"78745104",1,"","",449,3,113,0,0.251670378619154,0,0.0066815144766147,401,1082.42580645161,3.72835555555556,NA,NA,1,NA,NA,NA,-77.0239586,38.9235819,"1","Benjamin Banneker High"
404,"DCPS","850 26th St  NE",804,"Phase 0",NA,"ES/MS",215392,"STABILIZED",131951,20636000,"23793129",1,"","Eastern HS",353,23,241,56,0.68271954674221,0.158640226628895,0.0651558073654391,610,164.11815920398,0.612608639132373,NA,NA,1,NA,NA,NA,-76.9708894,38.9026911,"5","Browne Education Campus"
405,"DCPS","3815 Fort Dr  NW",1370,"Full",2014,"MS",223689,"FULL MOD + ADD",73524856,0,"74154641",1,"","Wilson HS",1312,47,99,166,0.0754573170731707,0.126524390243902,0.0358231707317073,170,53667.7781021898,328.692318352713,NA,NA,1,NA,NA,NA,-77.0744601,38.953494,"3","Deal Middle"
413,"DCPS","601 Mississippi Ave  SE",912,"Phase I",2011,"MS",210700,"PARTIAL MOD",13075759,0,"13214760",1,NA,"Ballou HS",479,0,393,128,0.820459290187891,0.267223382045929,0,440,14337.4550438596,62.0586568580921,NA,NA,1,NA,NA,NA,-76.9972081,38.8375662,"8","Hart Middle"
417,"DCPS","1700 Q St  SE",600,"Phase I",2014,"MS",153984,"PARTIAL MOD",30951777,0,"35059047",1,NA,"Anacostia HS",333,0,267,110,0.801801801801802,0.33033033033033,0,462,51586.295,201.006448721945,NA,NA,1,NA,NA,NA,-76.9799006,38.8717022,"8","Kramer Middle"
421,"DCPS","301 49th St  NE",600,"Full",2004,"MS",114992,"FULL REPLACEMENT",10614880,0,"10614880",1,"","HD Woodson HS",546,7,382,146,0.6996336996337,0.267399267399267,0.0128205128205128,211,17691.4666666667,92.3097258939752,NA,NA,1,NA,NA,NA,-76.9321175,38.8933117,"7","Kelly Miller Middle"
427,"DCPS","3650 Ely Pl SE",636,"Full",2008,"MS",136000,"FULL MOD",0,0,NA,1,NA,"Anacostia HS",284,0,209,82,0.735915492957746,0.288732394366197,0,479,0,0,NA,NA,1,NA,NA,NA,-76.953055,38.8840586,"7","Sousa Middle"
442,"DCPS","3101 16th St  NW",1400,"Full",2006,"MS/HS",325218,"FULL REPLACEMENT",78652173,0,"78652173",1,"","Cardozo HS (9-12)",1384,429,744,153,0.53757225433526,0.110549132947977,0.309971098265896,235,56180.1235714286,241.844464328543,NA,NA,1,NA,NA,NA,-77.035464,38.929437,"1","Columbia Heights Education Campus (CHEC)"
450,"DCPS","1601 16th St  SE",837,"Full",2012,"HS",204992,"FULL MOD",68228069,0,"68860993",1,"","",661,0,586,186,0.886535552193646,0.281391830559758,0,310,81515.0167264038,332.83283737902,NA,NA,1,NA,NA,NA,-76.9829543,38.8700237,"8","Anacostia High"
454,"DCPS","1200 Clifton St. NW",1070,"Full",2013,"MS/HS",397400,"FULL MOD + ADD",131527974,0,"132124454",1,"","",781,266,573,188,0.733674775928297,0.240717029449424,0.340588988476312,509,122923.340186916,330.971248112733,NA,NA,1,NA,NA,NA,-77.0280509,38.9224184,"1","Cardozo Education Campus"
455,"DCPS","6315 5th St  NW",1105,"Phase 0",NA,"HS",271300,"STABILIZED",2537691,116633000,"122176717",1,"","",395,50,301,104,0.762025316455696,0.263291139240506,0.126582278481013,687,2296.55294117647,9.35381865093992,NA,NA,1,NA,NA,NA,-77.019874,38.9662526,"4","Coolidge High"
457,"DCPS","1700 East Capitol St NE",1100,"Full",2010,"HS",310721,"FULL MOD",74502874,0,"74503071",1,"","",1025,3,714,296,0.696585365853658,0.288780487804878,0.00292682926829268,303,67729.8854545455,239.774183270522,NA,NA,1,NA,NA,NA,-76.9795263,38.8903247,"6","Eastern High"
463,"DCPS","3950 Chesapeake St NW",1700,"Full",2011,"HS",376448,"FULL MOD + ADD",114246156,0,"114320882",1,"","",1788,106,550,263,0.307606263982103,0.147091722595078,0.0592841163310962,211,67203.6211764706,303.484560948657,NA,NA,1,NA,NA,NA,-77.0764147,38.9504147,"3","Wilson High"
467,"DCPS","101 N St. NW",1100,"Full",2013,"HS",260000,"FULL REPLACEMENT",122897293,-250000,"125144890",1,"","",653,6,483,198,0.739663093415008,0.303215926493109,0.00918836140888208,398,111724.811818182,472.681896153846,NA,NA,1,NA,NA,NA,-77.013134,38.9078377,"5","Dunbar High"
471,"DCPS","3500 R St NW",500,"Full",2017,"HS",258072,"FULL MOD + ADD",34081441,61688778,"180437856",1,"","",523,5,175,25,0.334608030592734,0.0478011472275335,0.00956022944550669,320,68162.882,132.061754084132,NA,NA,1,NA,NA,NA,-77.0704265,38.9131435,"2","Ellington School of the Arts"
1047,"PCS","1901 Independence Avenue, SE",525,NA,NA,"SPED",99540,"Facility Allowance",6315254,4723488,NA,1,NA,NA,252,20,111,251,0.44047619047619,0.996031746031746,0.0793650793650794,395,25060.5317460317,63.444384167169,9,2007,1,701694.888888889,2784.50352733686,7.04937601857433,-76.9764947,38.8868079,"6","St. Coletta Special Education "
1100,"PCS","908 Wahler Place, SE",519,NA,NA,"MS",33177,"Facility Allowance",2316432,7141464,NA,1,NA,NA,381,0,192,51,0.503937007874016,0.133858267716535,0,87,6079.87401574803,69.8204177592911,2,2014,1,1158216,3039.93700787402,34.9102088796455,-76.9924085,38.834427,"8","Achievement Preparatory-Middle School"
1103,"PCS","6008 Georgia Avenue, NW",567,NA,NA,"ES/MS",37010,"Facility Allowance",4766091,4648512,NA,1,NA,NA,248,55,80,26,0.32258064516129,0.104838709677419,0.221774193548387,149,19218.1088709677,128.778465279654,7,2009,1,680870.142857143,2745.44412442396,18.3969236113792,-77.02838,38.9631991,"4","Center City Brightwood Campus "
1104,"PCS","1503 East Capitol Street, SE",534,NA,NA,"ES/MS",40037,"Facility Allowance",4699097,4479816,NA,1,NA,NA,239,0,112,23,0.468619246861925,0.096234309623431,0,168,19661.4937238494,117.368858805605,7,2009,1,671299.571428571,2808.78481769277,16.7669798293721,-76.9835459,38.8897865,"6","Center City Capitol Hill Campus "
1105,"PCS","220 Highview Place, SE",341,NA,NA,"ES/MS",27000,"Facility Allowance",4770011,4817208,NA,1,NA,NA,257,0,172,19,0.669260700389105,0.0739299610894942,0,105,18560.3540856031,176.667074074074,7,2009,1,681430.142857143,2651.47915508616,25.2381534391534,-77.0045487,38.8415048,"8","Center City Congress Heights Campus "
1106,"PCS","510 Webster Street, NW",425,NA,NA,"ES/MS",30825,"Facility Allowance",4949770,4910928,NA,1,NA,NA,262,53,97,19,0.370229007633588,0.0725190839694656,0.202290076335878,118,18892.2519083969,160.576480129765,7,2009,1,707110,2698.89312977099,22.939497161395,-77.0208684,38.9437731,"4","Center City Petworth Campus "
1107,"PCS","711 N Street, NW",350,NA,NA,"ES/MS",29240,"Facility Allowance",4824166,4517304,NA,1,NA,NA,241,34,113,29,0.468879668049793,0.120331950207469,0.141078838174274,121,20017.2863070539,164.985157318741,7,2009,1,689166.571428571,2859.61232957913,23.5693081883916,-77.0224536,38.9074837,"2","Center City Shaw Campus "
1108,"PCS","1217 W  Virginia Avenue, NE",434,NA,NA,"ES/MS",23313,"Facility Allowance",4651663,4423584,NA,1,NA,NA,236,4,132,26,0.559322033898305,0.110169491525424,0.0169491525423729,99,19710.436440678,199.530862608845,7,2009,1,664523.285714286,2815.77663438257,28.5044089441207,-76.991479,38.905386,"5","Center City Trinidad Campus "
1110,"PCS","100 41st Street, NE",849,NA,NA,"ES",80352,"Facility Allowance",6611687,NA,NA,1,NA,NA,442,8,231,22,0.52262443438914,0.0497737556561086,0.0180995475113122,182,14958.5678733032,82.2840377339705,7,2009,1,944526.714285714,2136.93826761474,11.7548625334244,-76.9449133,38.890775,"7","DC Preparatory Benning Campus "
1113,"PCS","2501 Martin Luther King Jr. Avenue, SE",1292,NA,NA,"ES",67508,"Facility Allowance",8332774,10665336,NA,1,NA,NA,569,0,366,23,0.64323374340949,0.0404217926186292,0,119,14644.5940246046,123.433874503763,7,2009,1,1190396.28571429,2092.0848606578,17.6334106433946,-76.9952947,38.8600148,"8","Excel Academy "
1117,"PCS","220 Taylor Street, NE",610,NA,NA,"ES",41118,"Facility Allowance",7254586,9896832,NA,1,NA,NA,528,31,22,30,0.0416666666666667,0.0568181818181818,0.0587121212121212,78,13739.7462121212,176.433338197383,7,2009,1,1036369.42857143,1962.82088744589,25.2047625996262,-77.0036779,38.941395,"5","Washington Yu Ying "
1118,"PCS","5201 2nd Street, NW",835,NA,NA,"HS",29280,"Facility Allowance",4643648,6860304,NA,1,NA,NA,304,6,70,31,0.230263157894737,0.101973684210526,0.0197368421052632,96,15275.1578947368,158.594535519126,7,2009,1,663378.285714286,2182.16541353383,22.656362217018,-77.013189,38.953489,"4","Washington Latin High"
1119,"PCS","514 V Street, NE",1614,NA,NA,"ADULT",132000,"Facility Allowance",57276227,36981912,NA,0,NA,NA,1973,113,0,0,0,0,0.05727318803852,67,29030.0187531678,433.910810606061,17,1999,1,3369189.82352941,1707.64816195104,25.5241653297683,-76.9986344,38.9183706,"5","Carlos Rosario International Harvard Street Campus"
1119,"PCS","1100 Harvard Street, NW",1614,NA,NA,"ADULT",132000,"Facility Allowance",57276227,36981912,NA,0,NA,NA,1973,113,0,0,0,0,0.05727318803852,67,29030.0187531678,433.910810606061,17,1999,1,3369189.82352941,1707.64816195104,25.5241653297683,-77.0276499,38.9263689,"1","Carlos Rosario International Harvard Street Campus"
1123,"PCS","1401 Brentwood Parkway, NE",500,NA,NA,"HS",187423,"Facility Allowance",5814288,8509776,NA,1,NA,NA,454,0,232,86,0.511013215859031,0.18942731277533,0,413,12806.8017621145,31.0222758146012,6,2010,1,969048,2134.46696035242,5.17037930243353,-76.9944198,38.909317,"5","KIPP DC College Prep "
1124,"PCS","2705 Martin Luther King Jr. Avenue, SE",1048,NA,NA,"MS/HS",66349,"Facility Allowance",6129328,9353256,NA,0,NA,NA,499,1,353,90,0.707414829659319,0.180360721442886,0.00200400801603206,133,12283.2224448898,92.380111230011,6,2010,1,1021554.66666667,2047.20374081496,15.3966852050018,-76.996307,38.848279,"8","Friendship Tech Prep"
1125,"PCS","1017 New Jersey Avenue, SE",190,NA,NA,"ES",8500,"Facility Allowance",2333312,2736624,NA,1,NA,NA,146,0,79,11,0.541095890410959,0.0753424657534247,0,58,15981.5890410959,274.507294117647,6,2010,1,388885.333333333,2663.59817351598,45.7512156862745,-77.0051215,38.877859,"6","Eagle Academy New Jersey Avenue Campus"
1137,"PCS","320 21st Street, NE",218,NA,NA,"PK3-K",15866,"Facility Allowance",2327592,3017784,NA,1,NA,NA,161,3,80,4,0.496894409937888,0.0248447204968944,0.0186335403726708,99,14457.0931677019,146.703138787344,5,2011,1,465518.4,2891.41863354037,29.3406277574688,-76.9750541,38.8940003,"7","AppleTree Early Learning Center Oklahoma"
1138,"PCS","4501 Kansas Avenue, NW",861,NA,NA,"HS",17647,"Facility Allowance",5596776,7909968,NA,1,NA,NA,422,66,218,90,0.516587677725118,0.213270142180095,0.156398104265403,42,13262.5023696682,317.151697172324,5,2011,1,1119355.2,2652.50047393365,63.4303394344648,-77.022371,38.945657,"4","E.L. Haynes Kansas Avenue- High School"
1206,"PCS","4502 Kansas Avenue, NW",NA,NA,NA,"ES",53800,"Facility Allowance",2661384,6710352,NA,1,NA,NA,358,108,126,39,0.35195530726257,0.108938547486034,0.301675977653631,150,7434.03351955307,49.4681040892193,3,2012,1,887128,2478.01117318436,16.4893680297398,-77.0234943,38.9451898,"4","E.L. Haynes Kansas Avenue (Elementary School)"
1207,"PCS","102 Peabody Street, NW",NA,NA,NA,"HS",57033,"Facility Allowance",5546488,6166776,NA,1,NA,NA,329,50,148,60,0.449848024316109,0.182370820668693,0.151975683890578,173,16858.6261398176,97.2505040941209,6,2010,1,924414.666666667,2809.77102330294,16.2084173490202,-77.0113808,38.9626905,"4","Capital City High School "
1211,"PCS","2502 Martin Luther King Jr. Avenue, SE",NA,NA,NA,"MS",19288,"Facility Allowance",476160,2905320,NA,1,NA,NA,155,0,100,27,0.645161290322581,0.174193548387097,0,124,3072,24.6868519286603,1,2015,1,476160,3072,24.6868519286603,-76.9939568,38.8608853,"8","Excel Academy LEAD"
3064,"PCS","200 Douglas Street, NE",620,NA,NA,"ES/MS",40800,"Facility Allowance",2824824,5941848,NA,1,NA,NA,317,14,35,34,0.110410094637224,0.107255520504732,0.0441640378548896,129,8911.1167192429,69.2358823529412,4,2012,1,706206,2227.77917981073,17.3089705882353,-77.0025452,38.9236743,"5","Inspired Teaching Demonstration "
3065,"PCS","30 P Street, NW",897,NA,NA,"ES",36148,"Facility Allowance",3140088,7572576,NA,1,NA,NA,404,84,57,22,0.141089108910891,0.0544554455445545,0.207920792079208,89,7772.49504950495,86.867544539117,4,2012,1,785022,1943.12376237624,21.7168861347792,-77.0103408,38.9092812,"5","Mundo Verde Bilingual "
3066,"PCS","6017 Chillum Place, NE",NA,NA,NA,"PK3-K",13580,"Facility Allowance",947496,2211792,NA,1,NA,NA,118,12,20,1,0.169491525423729,0.00847457627118644,0.101694915254237,NA,8029.62711864407,69.7714285714286,4,2012,1,236874,2007.40677966102,17.4428571428571,-77.007573,38.9640197,"4","Shining Stars Montessori "
3067,"PCS","770 M Street, SE",398,NA,NA,"MS/HS",28000,"Facility Allowance",2883960,5716920,NA,1,NA,NA,305,1,225,58,0.737704918032787,0.19016393442623,0.00327868852459016,92,9455.60655737705,102.998571428571,4,2012,1,720990,2363.90163934426,25.7496428571429,-76.995574,38.877003,"6","Richard Wright for Journalism and Media Arts"
3068,"PCS","410 8th Street, NW",1062,NA,NA,"MS/HS",44179,"Facility Allowance",4551672,10327944,NA,1,NA,NA,551,0,48,23,0.0871143375680581,0.0417422867513612,0,80,8260.74773139746,103.027954458,3,2013,1,1517224,2753.58257713249,34.3426514860001,-77.0233079,38.8953055,"6","Basis DC "
3069,"PCS","3224 16th Street, NW",203,NA,NA,"ES",17976,"Facility Allowance",1282032,3392664,NA,1,NA,NA,181,10,22,48,0.121546961325967,0.265193370165746,0.0552486187845304,99,7083.04972375691,71.3190921228304,3,2013,1,427344,2361.01657458564,23.7730307076101,-77.0368058,38.9315518,"1","Creative Minds International "
3070,"PCS","5601 East Capitol Street, SE",443,NA,NA,"ES",31000,"Facility Allowance",2641008,7291416,NA,1,NA,NA,389,0,252,38,0.647814910025707,0.0976863753213368,0,80,6789.2236503856,85.1938064516129,3,2013,1,880336,2263.07455012853,28.397935483871,-76.9216306,38.8893227,"7","DC Scholars "
3072,"PCS","2011 Savannah Terrace, SE",230,NA,NA,"PK3-K",17161,"Facility Allowance",1560816,3336432,NA,0,NA,NA,178,1,129,4,0.724719101123595,0.0224719101123595,0.00561797752808989,96,8768.62921348315,90.9513431618204,4,2012,1,390204,2192.15730337079,22.7378357904551,-76.972974,38.8494641,"8","AppleTree Early Learning Southeast"
3072,"PCS","2017 Savannah Terrace, SE",230,NA,NA,"PK3-K",17161,"Facility Allowance",1560816,3336432,NA,0,NA,NA,178,1,129,4,0.724719101123595,0.0224719101123595,0.00561797752808989,96,8768.62921348315,90.9513431618204,4,2012,1,390204,2192.15730337079,22.7378357904551,-76.9746704,38.8485617,"8","AppleTree Early Learning Southeast"
3073,"PCS","138 12th Street, NE",73,NA,NA,"PK3-K",8975,"Facility Allowance",1182840,1124640,NA,1,NA,NA,60,2,5,5,0.0833333333333333,0.0833333333333333,0.0333333333333333,150,19714,131.792757660167,8,2008,1,147855,2464.25,16.4740947075209,-76.9905578,38.8914903,"6","AppleTree Early Learning Center Lincoln Park"
203,"DCPS","401 Eye St  SW",400,"Phase I",2012,"ES",70800,"PARTIAL MOD",5993305,0,"5993305",1,"Jefferson Acad. MS","Eastern HS",345,6,254,90,0.736231884057971,0.260869565217391,0.0173913043478261,205,14983.2625,84.6512005649717,NA,NA,1,NA,NA,NA,-77.0291221,38.9015926,"2","Amidon-Bowen Elementary"
220,"DCPS","1820 Monroe St  NE",450,"Phase I",2013,"ES",69696,"PARTIAL MOD + ADD",8239048,0,"8866114",1,"Brookland MS","Dunbar HS",297,14,156,53,0.525252525252525,0.178451178451178,0.0471380471380471,235,18308.9955555556,118.214072543618,NA,NA,1,NA,NA,NA,-76.9788919,38.933612,"5","Burroughs Elementary"
247,"DCPS","301 53rd St  SE",438,"Phase 0",NA,"ES",56000,"STABILIZED",0,12606000,"12606000",1,"Kelly Miller MS","Woodson HS",291,2,229,40,0.786941580756014,0.13745704467354,0.00687285223367698,192,0,0,NA,NA,1,NA,NA,NA,-76.9261671,38.883619,"7","C.W. Harris Elementary"
407,"DCPS","1830 Constitution Ave  NE",742,"Phase 0",NA,"MS",155072,"STABILIZED",210957,40911043,"42653975",1,"","Eastern HS",257,2,161,63,0.626459143968872,0.245136186770428,0.00778210116731518,603,284.308625336927,1.36038098431696,NA,NA,1,NA,NA,NA,-76.978566,38.892612,"6","Eliot-Hine Middle"
227,"DCPS","2525 17th St NW",440,"Full",2009,"ES",85696,"FULL MOD + ADD",32500688,0,"32500688",1,"CHEC (6-8)","Cardozo EC (9-12)",400,164,215,42,0.5375,0.105,0.41,214,73865.2,379.255601194922,NA,NA,1,NA,NA,NA,-77.0383975,38.9239587,"1","H.D. Cooke Elementary"
252,"DCPS","3219 O St  NW",330,"Phase I",2014,"ES",37504,"PARTIAL MOD",19157333,22284976,"43519223",1,"Hardy MS","Wilson HS",305,29,24,25,0.0786885245901639,0.0819672131147541,0.0950819672131148,123,58052.5242424242,510.807727175768,NA,NA,1,NA,NA,NA,-77.0648106,38.9081992,"2","Hyde-Addison Elementary"
339,"DCPS","660 K Street NE",480,"Phase I",2010,"ES",98896,"PARTIAL MOD",4264356,0,"4264356",1,"Stuart-Hobson MS","Eastern HS",466,6,232,47,0.497854077253219,0.100858369098712,0.0128755364806867,212,8884.075,43.1196003882867,NA,NA,1,NA,NA,NA,-76.9969383,38.9029977,"6","J.O. Wilson Elementary"
416,"DCPS","1400 Bruce Pl  SE",730,"Phase I",2013,"MS",182496,"PARTIAL MOD",18602234,-5857,"20521528",1,NA,"Ballou HS",291,3,229,103,0.786941580756014,0.353951890034364,0.0103092783505155,627,25482.5123287671,101.932283447308,NA,NA,1,NA,NA,NA,-76.9836523,38.8511843,"8","Johnson Middle"
344,"DCPS","3200 6th St  SE",444,"Phase 0",NA,"ES",65496,"STABILIZED",4118755,372458,"6567738",1,"Hart MS","Ballou HS",372,2,327,55,0.879032258064516,0.147849462365591,0.00537634408602151,176,9276.47522522523,62.8855960669354,NA,NA,1,NA,NA,NA,-76.9980914,38.8425064,"8","King, M.L. Elementary"
262,"DCPS","1900 Evarts St  NE",500,"Phase I",2015,"ES",101392,"PARTIAL MOD",19828246,0,"20824380",1,"McKinley MS","Dunbar HS",340,17,191,56,0.561764705882353,0.164705882352941,0.05,298,39656.492,195.560261164589,NA,NA,1,NA,NA,NA,-76.9774768,38.9249969,"5","Langdon Elementary"
370,"DCPS","101 T Street NE",530,"Phase II",2011,"ES",1e+05,"PARTIAL MOD",10253618,0,"10273670",1,"McKinley MS","Dunbar HS",297,3,185,44,0.622895622895623,0.148148148148148,0.0101010101010101,337,19346.4490566038,102.53618,NA,NA,1,NA,NA,NA,-77.005475,38.914235,"5","Langley Elementary"
264,"DCPS","501 Riggs Road NE",400,"Phase I",2012,"ES/MS",63000,"PARTIAL MOD",14206295,0,"14545500",1,"","Coolidge HS",349,106,183,50,0.524355300859599,0.143266475644699,0.303724928366762,181,35515.7375,225.496746031746,NA,NA,1,NA,NA,NA,-76.9997759,38.9597849,"4","LaSalle-Backus Education Campus"
271,"DCPS","659 G St  NE",362,"Phase I",2013,"ES",66896,"PARTIAL MOD",11489803,-1026290,"11762825",1,"Stuart-Hobson MS","Eastern HS",340,3,109,31,0.320588235294118,0.0911764705882353,0.00882352941176471,197,31739.7872928177,171.756203659412,NA,NA,1,NA,NA,NA,-76.9963992,38.8985144,"6","Ludlow-Taylor Elementary"
884,"DCPS","1001 Monroe St NE",350,"Full",2006,"ALT",65528,"FULL MOD + ADD",0,0,NA,1,"","",350,2,0,41,0,0.117142857142857,0.00571428571428571,187,0,0,NA,NA,1,NA,NA,NA,-76.992102,38.93199,"5","Luke Moore High"
265,"DCPS","100 Galatin St NW",120,NA,NA,"SPED",45800,"STABILIZED",757876.134600158,0,"757876.134600158",0,NA,NA,56,4,29,0,0.517857142857143,0,0.0714285714285714,1438,6315.63445500132,16.5475138558986,NA,NA,1,NA,NA,NA,-77.0119091,38.9523138,"4","Mamiedlee"
290,"DCPS","2725 10th St  NE",391,"Full",2004,"ES",51496,"FULL MOD + ADD",24719301,0,"24719301",1,"Brookland MS","Dunbar HS",289,11,182,44,0.629757785467128,0.152249134948097,0.0380622837370242,178,63220.7186700767,480.023710579462,NA,NA,1,NA,NA,NA,-76.9915985,38.9250297,"5","Noyes Elementary"
292,"DCPS","2020 19th St. NW",324,"Phase 0",NA,"MS",59400,"STABILIZED",3803375,12236000,"16039375",1,NA,"Wilson HS",314,NA,NA,NA,NA,NA,NA,NA,11738.8117283951,64.0298821548822,NA,NA,1,NA,NA,NA,-77.0443928,38.9172561,"1","Oyster-Adams Bilingual School"
301,"DCPS","425 C St  NE",228,"Phase I",2013,"PK3-K",37800,"PARTIAL MOD",7028816,0,"7099258",1,"Stuart-Hobson MS","Eastern HS",227,4,16,10,0.0704845814977974,0.0440528634361234,0.0176211453744493,167,30828.1403508772,185.947513227513,NA,NA,1,NA,NA,NA,-76.9998748,38.8928043,"6","Peabody Elementary"
478,"DCPS","704 26th Street NE",512,"Full",2008,"HS",146976,"FULL MOD + ADD",0,0,NA,1,"","",323,9,166,42,0.513931888544892,0.130030959752322,0.0278637770897833,455,0,0,NA,NA,1,NA,NA,NA,-76.9721088,38.9020565,"5","Phelps ACE High"
175,"DCPS","920 F STREET NE",450,"Phase I",2005,"ES",59200,"PARTIAL MOD",1365487,12028931,"16383000",1,NA,"",126,1,70,37,0.555555555555556,0.293650793650794,0.00793650793650794,470,3034.41555555556,23.0656587837838,NA,NA,1,NA,NA,NA,-76.9931808,38.8976365,"6","School-Within-School at Goding"
409,"DCPS","2425 N St  NW",437,"Phase 0",NA,"ES/MS",95088,"STABILIZED",1314689,20178000,"22278000",1,"","Cardozo EC (9-12)",414,25,109,58,0.263285024154589,0.140096618357488,0.0603864734299517,230,3008.44164759725,13.8260243143194,NA,NA,1,NA,NA,NA,-77.0521452,38.9076351,"2","School Without Walls @ Francis-Stevens Education Campus"
428,"DCPS","410 E St  NE",450,"Full",2015,"MS",115242,"FULL MOD + ADD",44653267,1190116,"47666762",1,"","Eastern HS",423,3,143,83,0.33806146572104,0.196217494089835,0.00709219858156028,272,99229.4822222222,387.473898405095,NA,NA,1,NA,NA,NA,-77.0000602,38.8965658,"6","Stuart-Hobson Middle"
332,"DCPS","1125 New Jersey Ave NW",700,"Full",2009,"ES/MS",95000,"FULL REPLACEMENT",40442253,0,"40442253",1,"","Dunbar HS",465,8,348,124,0.748387096774194,0.266666666666667,0.0172043010752688,204,57774.6471428571,425.707926315789,NA,NA,1,NA,NA,NA,-77.0140256,38.9045185,"6","Walker-Jones Education Campus"
333,"DCPS","420 12th St  SE",587,"Phase 0",NA,"ES",69296,"STABILIZED",2675972,30313978,"39400200",1,"Stuart-Hobson MS","Eastern HS",500,4,98,45,0.196,0.09,0.008,139,4558.72572402044,38.6165435234357,NA,NA,1,NA,NA,NA,-76.9898004,38.8834823,"6","Watkins Elementary"
464,"DCPS","540 55th St. NE",1000,"Full",2011,"HS",253406,"FULL REPLACEMENT",107742134,0,"107779131",1,"","",639,6,501,193,0.784037558685446,0.302034428794992,0.00938967136150235,397,107742.134,425.175939006969,NA,NA,1,NA,NA,NA,-76.9227134,38.8967763,"7","Woodson, H.D. High"
NA,"DCPS"," 1150  Michigan Avenue, NE",540,"Full",2014,"MS",110000,"FULL REPLACEMENT",58053351,-1202174,"62711400",1,NA,"Dunbar HS",NA,NA,NA,NA,NA,NA,NA,NA,107506.205555556,527.757736363636,NA,NA,1,NA,NA,NA,-76.9918169,38.9374144,"5","Brookland Middle"
292,"DCPS","2801 Calvert St NW",350,"Full",2001,"ES",47984,"FULL REPLACEMENT",0,0,NA,1,NA,"Wilson HS",263,NA,NA,NA,NA,NA,NA,NA,0,0,NA,NA,1,NA,NA,NA,-77.0572024,38.9235663,"3","Oyster-Adams Bilingual School"
NA,"DCPS","420 34th St NE",180,"Full",2015,"SPED",77707,"FULL MOD + ADD",32133707,-2200000,"35717175",1,NA,NA,NA,NA,NA,NA,NA,NA,NA,NA,178520.594444444,413.52396823967,NA,NA,1,NA,NA,NA,-76.9575223,38.8949506,"7","River Terrace Special Education Center"
NA,"DCPS","1150 5th St SE",336,"Full",2016,"ES",49400,"FULL MOD + ADD",10556642,17995000,"32448396",1,"Jefferson Acad. MS","Eastern HS",NA,NA,NA,NA,NA,NA,NA,NA,31418.5773809524,213.697206477733,NA,NA,1,NA,NA,NA,-76.999143,38.8767476,"6","Van Ness Elementary"
NA,"DCPS",NA,NA,NA,NA,NA,1.2e+07,NA,1392424292,242169537,"1669108197",1,NA,NA,NA,NA,NA,NA,NA,NA,NA,NA,NA,116.035357666667,NA,NA,1,NA,NA,NA,NA,NA,NA,"DCPS MultiSchool"
101,"PCS","5600 E Capitol Street, NE",646,NA,NA,"ALT",78625,"Facility Allowance",6961429,4723488,NA,2,NA,NA,252,0,0,88,0,0.349206349206349,0,312,27624.7182539683,88.5396375198728,11,2005,1,632857.181818182,2511.33802308802,8.04905795635207,-76.9199181,38.8902854,"7","Maya Angelou Evans Campus "
104,"PCS","3047 15th Street, NW",225,NA,NA,"ALT",15500,"Facility Allowance",1168680,3561360,NA,2,NA,NA,190,36,0,6,0,0.0315789473684211,0.189473684210526,82,6150.94736842105,75.3987096774194,3,2013,1,389560,2050.31578947368,25.1329032258065,-77.0357768,38.9285225,"1","Latin American Youth Center Career Academy"
116,"PCS","2600 Douglass Place, SE",1900,NA,NA,"MS",144000,"Facility Allowance",8354731,6016824,NA,2,NA,NA,321,1,189,74,0.588785046728972,0.230529595015576,0.00311526479750779,449,26027.199376947,58.0189652777778,10,2006,1,835473.1,2602.7199376947,5.80189652777778,-76.9912057,38.8569692,"8","KIPP DC AIM Academy "
121,"PCS","421 P Street, NW",NA,NA,NA,"MS",NA,"Facility Allowance",7645919,6447936,NA,2,NA,NA,344,3,138,66,0.401162790697674,0.191860465116279,0.00872093023255814,NA,22226.5087209302,NA,9,2007,1,849546.555555556,2469.61208010336,NA,-77.018128,38.909942,"2","KIPP DC WILL Academy "
132,"PCS","4801 Benning Road, SE",NA,NA,NA,"PK3-K",NA,"Facility Allowance",6204843,5698176,NA,2,NA,NA,304,0,177,19,0.582236842105263,0.0625,0,NA,20410.6677631579,NA,8,2008,1,775605.375,2551.33347039474,NA,-76.9343991,38.8826376,"7","KIPP DC LEAP Academy "
137,"PCS","5600 E Capitol Street, NE",NA,NA,NA,"ADULT",47175,"Facility Allowance",1144584,2755368,NA,2,NA,NA,147,0,1,17,0.00680272108843537,0.115646258503401,0,321,7786.28571428571,24.2625119236884,3,2013,1,381528,2595.42857142857,8.0875039745628,-76.9199181,38.8902854,"7","Maya Angelou Young Adult Learning Center"
142,"PCS","4300 13th Street NW
",534,NA,NA,"ES",20676,"Facility Allowance",3405436,5098368,NA,2,NA,NA,272,102,93,77,0.341911764705882,0.283088235294118,0.375,76,12519.9852941176,164.704778487135,10,2006,1,340543.6,1251.99852941176,16.4704778487135,-77.03121,38.94344,"4","Bridges "
161,"PCS","1800 Perry Street, NE",1250,NA,NA,"PK3-12",171000,"Facility Allowance",28592629,11602536,NA,2,NA,NA,619,10,343,93,0.554119547657512,0.150242326332795,0.0161550888529887,276,46191.6462035541,167.208356725146,16,2000,1,1787039.3125,2886.97788772213,10.4505222953216,-76.9783016,38.9363691,"5","Perry Street Prep "
168,"PCS","3047 15th Street, NW",375,NA,NA,"ALT",31352,"Facility Allowance",3142236,6804072,NA,2,NA,NA,363,203,0,13,0,0.0358126721763085,0.559228650137741,86,8656.29752066116,100.224419494769,7,2006,1,448890.857142857,1236.61393152302,14.3177742135384,-77.0357768,38.9285225,"1","The Next Step "
170,"PCS","5800 8th Street, NW",780,NA,NA,"MS",68565,"Facility Allowance",21115814,7047744,NA,2,NA,NA,376,24,160,47,0.425531914893617,0.125,0.0638297872340425,182,56159.079787234,307.967826150368,15,2001,1,1407720.93333333,3743.93865248227,20.5311884100246,-77.0248615,38.9613283,"4","Paul Public Charter School- Middle School"
189,"PCS","4801 Benning Road, SE",1608,NA,NA,"MS",84681,"Facility Allowance",11203877,6260496,NA,2,NA,NA,334,1,161,37,0.482035928143713,0.110778443113772,0.0029940119760479,254,33544.5419161677,132.306857500502,12,2003,1,933656.416666667,2795.37849301397,11.0255714583752,-76.9343991,38.8826376,"7","KIPP DC KEY Academy "
190,"PCS","421 P Street, NW",NA,NA,NA,"ES",NA,"Facility Allowance",1893744,5660688,NA,2,NA,NA,302,4,127,27,0.420529801324503,0.0894039735099338,0.0132450331125828,NA,6270.67549668874,NA,3,2013,1,631248,2090.22516556291,NA,-77.018128,38.909942,"2","KIPP DC LEAD Academy"
193,"PCS","1800 Perry Street, NE",566,NA,NA,"ES",36668,"Facility Allowance",6050898,6410448,NA,2,NA,NA,342,129,40,38,0.116959064327485,0.111111111111111,0.37719298245614,107,17692.6842105263,165.018490236719,12,2004,1,504241.5,1474.39035087719,13.7515408530599,-76.9783016,38.9363691,"5","Latin American Montessori Bilingual (LAMB) "
200,"PCS","4600 Livingston Road, SE",200,NA,NA,"ES",31075,"Facility Allowance",941472,3767544,NA,2,NA,NA,201,0,148,22,0.736318407960199,0.109452736318408,0,155,4683.94029850746,30.2967658889783,2,2014,1,470736,2341.97014925373,15.1483829444891,-77.0031886,38.8239325,"8","Ingenuity Prep "
209,"PCS","1375 Mt Olivet Road, NE",1206,NA,NA,"PK3-K",67000,"Facility Allowance",1533672,5641944,NA,2,NA,NA,301,2,159,21,0.528239202657807,0.0697674418604651,0.00664451827242525,223,5095.25581395349,22.8906268656716,2,2014,1,766836,2547.62790697674,11.4453134328358,-76.9814619,38.907437,"5","KIPP DC Connect Academy"
214,"PCS","1375 Mt Olivet Road, NE",NA,NA,NA,"ES",NA,"Facility Allowance",616344,1911888,NA,2,NA,NA,102,0,60,5,0.588235294117647,0.0490196078431373,0,NA,6042.58823529412,NA,2,2014,1,308172,3021.29411764706,NA,-76.9814619,38.907437,"5","KIPP DC Spring Academy"
222,"PCS","5800 8th Street, NW",NA,NA,NA,"HS",59423,"Facility Allowance",1757400,6091800,NA,2,NA,NA,325,24,159,42,0.489230769230769,0.129230769230769,0.0738461538461539,183,5407.38461538462,29.5744072160611,2,2014,1,878700,2703.69230769231,14.7872036080306,-77.0248615,38.9613283,"4","Paul Public Charter School- International High School"
236,"PCS","5300 Blaine Street, NE",764,NA,NA,"PK3-K",26950,"Facility Allowance",651264,3973728,NA,2,NA,NA,212,1,129,14,0.608490566037736,0.0660377358490566,0.00471698113207547,127,3072,24.1656400742115,1,2015,1,651264,3072,24.1656400742115,-76.9258818,38.8917411,"7","KIPP DC Arts & Technology Academy "
237,"PCS","5300 Blaine Street, NE",NA,NA,NA,"ES",40425,"Facility Allowance",866304,5285808,NA,2,NA,NA,282,1,176,43,0.624113475177305,0.152482269503546,0.00354609929078014,143,3072,21.4299072356215,1,2015,1,866304,3072,21.4299072356215,-76.9258818,38.8917411,"7","KIPP DC Quest Academy "
242,"PCS","1375 Mt Olivet Road, NE",NA,NA,NA,"MS",NA,"Facility Allowance",387072,2361744,NA,2,NA,NA,126,1,70,22,0.555555555555556,0.174603174603175,0.00793650793650794,NA,3072,NA,1,2015,1,387072,3072,NA,-76.9814619,38.907437,"5","KIPP DC Northeast Academy "
361,"PCS","725 19th Street, NE",925,NA,NA,"ES",52944,"Facility Allowance",20538240,7103976,NA,2,NA,NA,379,6,289,14,0.762532981530343,0.0369393139841689,0.0158311345646438,140,54190.6068601583,387.92384406165,12,2003,1,1711520,4515.88390501319,32.3269870051375,-76.976256,38.898544,"7","Friendship Blow Pierce Elementary"
362,"PCS","725 19th Street, NE",NA,NA,NA,"MS",NA,"Facility Allowance",654336,3992472,NA,2,NA,NA,213,1,147,42,0.690140845070423,0.197183098591549,0.00469483568075117,NA,3072,NA,1,2015,1,654336,3072,NA,-76.976256,38.898544,"7","Friendship Blow-Pierce Middle"
363,"PCS","1345 Potomac Avenue, SE",1046,NA,NA,"ES",80860,"Facility Allowance",23717234,7029000,NA,2,NA,NA,375,1,235,18,0.626666666666667,0.048,0.00266666666666667,216,63245.9573333333,293.312317585951,12,2003,1,1976436.16666667,5270.49644444444,24.4426931321626,-76.986715,38.879337,"6","Friendship Chamberlain Elementary"
364,"PCS","1345 Potomac Avenue, SE",NA,NA,NA,"MS",NA,"Facility Allowance",1053696,6429192,NA,2,NA,NA,343,0,200,59,0.583090379008746,0.17201166180758,0,NA,3072,NA,1,2015,1,1053696,3072,NA,-76.986715,38.879337,"6","Friendship Chamberlain Middle"
452,"DCPS","3401 4th St  SE",1520,"Full",2015,"HS",356000,"FULL REPLACEMENT",141737725,4007,"162976011",2,".","",755,0,644,276,0.852980132450331,0.365562913907285,0,472,93248.5032894737,398.139676966292,NA,NA,1,NA,NA,NA,-77.0014227,38.8393559,"8","Ballou High"
458,"DCPS","151 T St NE",1160,"Full",2004,"HS",282200,"FULL MOD",77382544,0,"77443210",2,"","",645,6,239,12,0.370542635658915,0.0186046511627907,0.00930232558139535,438,66709.0896551724,274.211708008505,NA,NA,1,NA,NA,NA,-77.004889,38.9145641,"5","McKinley Technology High"
462,"DCPS","3401 4th St  SE",NA,"Full",2015,"HS",NA,"",NA,0,"0",2,NA,NA,591,0,0,52,0,0.0879864636209814,0,602,NA,NA,NA,NA,1,NA,NA,NA,-77.0014227,38.8393559,"8","Ballou STAY"
1120,"PCS","4600 Livingston Road, SE",400,NA,NA,"HS",50000,"Facility Allowance",4199632,5735664,NA,2,NA,NA,306,0,213,40,0.696078431372549,0.130718954248366,0,163,13724.2875816993,83.99264,6,2010,1,699938.666666667,2287.38126361656,13.9987733333333,-77.0031886,38.8239325,"8","National Collegiate Prep "
1121,"PCS","4801 Benning Road, SE",NA,NA,NA,"ES",NA,"Facility Allowance",5553600,7497600,NA,2,NA,NA,400,3,219,55,0.5475,0.1375,0.0075,NA,13884,NA,6,2010,1,925600,2314,NA,-76.9343991,38.8826376,"7","KIPP DC Promise "
1122,"PCS","2600 Douglass Place, SE",NA,NA,NA,"PK3-K",NA,"Facility Allowance",4626760,6185520,NA,2,NA,NA,330,0,203,22,0.615151515151515,0.0666666666666667,0,NA,14020.4848484848,NA,6,2010,1,771126.666666667,2336.74747474747,NA,-76.9912057,38.8569692,"8","KIPP DC Discover "
1129,"PCS","421 P Street, NW",1195,NA,NA,"PK3-K",100671,"Facility Allowance",3706464,5848128,NA,2,NA,NA,312,3,140,17,0.448717948717949,0.0544871794871795,0.00961538461538462,323,11879.6923076923,36.8175939446315,5,2011,1,741292.8,2375.93846153846,7.3635187889263,-77.018128,38.909942,"2","KIPP DC GROW Academy "
3071,"PCS","2600 Douglass Place, SE",NA,NA,NA,"ES",NA,"Facility Allowance",3161880,7778760,NA,2,NA,NA,415,0,229,57,0.551807228915663,0.137349397590361,0,NA,7618.98795180723,NA,4,2012,1,790470,1904.74698795181,NA,-76.9912057,38.8569692,"8","KIPP DC Heights Academy "
435,"DCPS","151 T St NE",1160,"Full",2014,"",62000,"FULL MOD",NA,NA,NA,2,"","Dunbar HS",202,5,119,31,0.589108910891089,0.153465346534653,0.0247524752475248,307,NA,NA,NA,NA,1,NA,NA,NA,-77.004889,38.9145641,"5","McKinley Middle"
459,"DCPS","4301 13th St NW",1030,"Full",2015,"HS",331840,"FULL MOD + ADD",117015598,1887406,"143557836",2,"","",476,143,394,141,0.827731092436975,0.296218487394958,0.300420168067227,697,113607.376699029,352.62656099325,NA,NA,1,NA,NA,NA,-77.0278294,38.9433952,"4","Roosevelt High"
312,"DCPS","4300 13th Street NW
",120,NA,NA,"SPED",80500,"STABILIZED",1332074.86539984,0,"2089951",2,NA,"",60,7,31,3,0.516666666666667,0.05,0.116666666666667,1342,11100.623878332,16.5475138558986,NA,NA,1,NA,NA,NA,-77.03121,38.94344,"4","Sharpe Health"
246,"DCPS","1819 35th St  NW",485,"Full",2008,"MS",107200,"FULL MOD + ADD",50758871,0,"50758871",1,"","Wilson HS",386,18,96,57,0.248704663212435,NA,NA,NA,104657.465979381,473.496930970149,NA,NA,1,NA,NA,NA,-77.0686338,38.9153226,"2","Hardy Middle"
308,"DCPS","1500 Mississippi Ave. SE Washington",248,"Phase 0",NA,"ES",77700,"STABILIZED",NA,0,"52963",1,"Johnson MS","Ballou HS",244,0,207,34,0.848360655737705,NA,NA,NA,NA,NA,NA,NA,1,NA,NA,NA,-76.9836028,38.8416964,"8","Malcolm X Elementary at Green"
335,"DCPS","1299 Neal St NE",500,"Full",2009,"ES/MS",86368,"FULL MOD + ADD",42645563,0,"42645768",1,"","Dunbar HS",463,7,364,68,0.786177105831533,NA,NA,NA,85291.126,493.765781307892,NA,NA,1,NA,NA,NA,-76.9884533,38.9042927,"5","Wheatley Education Campus"
466,"DCPS","2130 G St NW",520,"Full",2009,"HS",74000,"FULL MOD + ADD",0,0,NA,1,"","",590,0,91,4,0.154237288135593,NA,NA,NA,0,0,NA,NA,1,NA,NA,NA,-77.0479046,38.8980853,"2","School Without Walls High"
346,"DCPS","1401 Michigan Ave  NE",480,"Phase I",2012,"ES",69392,"PARTIAL MOD",6533765,0,"6544178",1,"Brookland MS","Dunbar HS",225,8,108,29,0.48,NA,NA,NA,13612.0104166667,94.1573236107909,NA,NA,1,NA,NA,NA,-76.9848216,38.9420075,"5","Bunker Hill Elementary"
296,"DCPS","3560 Warder St  NW",609,"Phase I",2012,"ES",82192,"PARTIAL MOD",11264300,0,"17026865",1,"CHEC (6-8)","Cardozo EC (9-12)",465,290,235,52,0.505376344086022,NA,NA,NA,18496.3875205255,137.048617870352,NA,NA,1,NA,NA,NA,-77.0208192,38.9339718,"1","Bruce-Monroe Elementary @ Park View"
360,"DCPS","215 G Street NE",360,"Phase 0",NA,"ES/MS",47200,"STABILIZED",975866,11987136,"14637256",1,NA,"Eastern HS",310,3,25,11,0.0806451612903226,NA,NA,NA,2710.73888888889,20.6751271186441,NA,NA,1,NA,NA,NA,-77.0025711,38.8985014,"6","Capitol Hill Montessori"
433,"DCPS","801 7th St SW",570,"Phase 0",NA,"MS",108992,"STABILIZED",0,35993000,"35993000",1,"","Eastern HS",277,3,179,64,0.646209386281588,NA,NA,NA,0,0,NA,NA,1,NA,NA,NA,-77.0229317,38.8798501,"6","Jefferson Middle"
474,"DCPS","300 Bryant Street NW",350,"Phase 0",NA,"ALT",49496,"STABILIZED",0,9900000,"9900000",1,"","",244,2,0,45,0,NA,NA,NA,0,0,NA,NA,1,NA,NA,NA,-77.0167156,38.9202168,"1","Washington Metropolitan High"
456,"DCPS","4301 13th St NW",NA,"Full",2015,"HS",NA,"FULL MOD + ADD",NA,1887406,"",2,"","",802,11,NA,49,NA,0.296218487394958,0.300420168067227,697,NA,NA,NA,NA,1,NA,NA,NA,-77.0278294,38.9433952,"4","Roosevelt STAY"
