"Agency","School","SCHOOLCODE","Address","maxOccupancy","ProjectPhase","YrComplete","Level","totalSQFT","ProjectType","MajorExp9815","TotalAllotandPlan1621","LifetimeBudget","longitude","latitude","Ward","FeederMS","FeederHS","Total.Enrolled","Limited.English.Proficient","At_Risk","SPED","AtRiskPer","SPEDPer","ESLPer","SqFtPerEnroll","SpentPerEnroll","SpentPerSqFt"
"DCPS","Aiton Elementary School",202,"533 48th Pl  NE","442","Phase 0",NA,"ES",57100,"STABILIZED",8916,12115000,14515000,-76.933700916,38.897001477,"7","Kelly Miller MS","Woodson HS",262,1,214,42,0.816793893129771,0.16030534351145,0.00381679389312977,217.93893129771,34.030534351145,0.15614711033275
"DCPS","Bancroft Elementary School",204,"1755 Newton St  NW","563","Phase 0",NA,"ES",79792,"STABILIZED",1446450,59943000,66496000,-77.040553444,38.934318023,"1","Deal MS","Wilson HS",508,279,181,54,0.356299212598425,0.106299212598425,0.549212598425197,157.070866141732,2847.34251968504,18.1277571686385
"DCPS","Barnard Elementary School",205,"430 Decatur St  NW","486","Full",2003,"ES",72496,"FULL REPLACEMENT",17867772,0,17867772,-77.01777708,38.948230613,"4","Truesdell or West EC (6th-8th)","Roosevelt HS",602,193,284,72,0.471760797342193,0.119601328903654,0.320598006644518,120.425249169435,29680.6843853821,246.465625689693
"DCPS","Beers Elementary School",206,"3600 Alabama Ave  SE","430","Phase I",2013,"ES",77488,"PARTIAL MOD",14813933,-24188,15123196,-76.95560475,38.864349505,"7","Sousa MS","Anacostia HS",438,1,243,79,0.554794520547945,0.180365296803653,0.00228310502283105,176.913242009132,33821.7648401827,191.177124199876
"DCPS","Brent Elementary School",212,"301 North Carolina Ave  SE","369","Phase I",2009,"ES",47500,"PARTIAL MOD",4475354,0,4485194,-77.00145985,38.884800874,"6","Jefferson Acad. MS","Eastern HS",368,5,23,22,0.0625,0.0597826086956522,0.0135869565217391,129.076086956522,12161.2880434783,94.2179789473684
"DCPS","Brightwood Education Campus",213,"1300 Nicholson St NW","584","Full",2005,"ES/MS",78000,"FULL MOD + ADD",22265461,0,22269148,-77.030688846,38.960535392,"4","","Coolidge HS",639,379,302,78,0.472613458528951,0.122065727699531,0.593114241001565,122.065727699531,34844.2269170579,285.454628205128
"DCPS","Browne Education Campus",404,"850 26th St  NE","804","Phase 0",NA,"ES/MS",215392,"STABILIZED",131951,20636000,23793129,-76.970667058,38.902598548,"5","","Eastern HS",353,23,241,56,0.68271954674221,0.158640226628895,0.0651558073654391,610.175637393768,373.798866855524,0.612608639132373
"DCPS","Burroughs Education Campus",220,"1820 Monroe St  NE","450","Phase I",2013,"ES",69696,"PARTIAL MOD + ADD",8239048,0,8866114,-76.97845637,38.933502326,"5","Brookland MS","Dunbar HS",297,14,156,53,0.525252525252525,0.178451178451178,0.0471380471380471,234.666666666667,27740.9023569024,118.214072543618
"DCPS","Burrville Elementary School",221,"801 Division Ave  NE","400","Phase I",2010,"ES",94992,"PARTIAL MOD",2991980,0,2996347,-76.92445918,38.900565431,"7","Kelly Miller MS","Woodson HS",360,2,244,36,0.677777777777778,0.1,0.00555555555555556,263.866666666667,8311.05555555555,31.4971787097861
"DCPS","C.W. Harris Elementary School",247,"301 53rd St  SE","438","Phase 0",NA,"ES",56000,"STABILIZED",0,12606000,12606000,-76.926115499,38.883598497,"7","Kelly Miller MS","Woodson HS",291,2,229,40,0.786941580756014,0.13745704467354,0.00687285223367698,192.439862542955,0,0
"DCPS","Cleveland Elementary School",224,"1825 8th St  NW","320","Full",2004,"ES",53000,"FULL MOD + ADD",20270264,0,20270264,-77.022707176,38.915144954,"1","Cardozo EC (6-8)","Cardozo EC (9-12)",308,47,137,36,0.444805194805195,0.116883116883117,0.152597402597403,172.077922077922,65812.5454545455,382.457811320755
"DCPS","Drew Elementary School",231,"5600 Eads St  NE","362","Phase I",2010,"ES",72800,"PARTIAL MOD",4898637,0,4938279,-76.919927008,38.89599364,"7","Kelly Miller MS","Woodson HS",201,0,166,34,0.825870646766169,0.169154228855721,0,362.189054726368,24371.328358209,67.2889697802198
"DCPS","Eaton Elementary School",407,"3301 Lowell St  NW","415","Phase 0",NA,"ES",49096,"STABILIZED",81414,15552000,15633414,-77.065821138,38.932726738,"3","","Eastern HS",257,2,161,63,0.626459143968872,0.245136186770428,0.00778210116731518,191.035019455253,316.785992217899,1.65826136548802
"DCPS","Garfield Elementary School",238,"2435 Alabama Ave  SE","365","Phase 0",NA,"ES",58904,"STABILIZED",1082203,12583908,14338493,-76.970804777,38.851733042,"8","Johnson MS","Ballou HS",284,0,233,35,0.820422535211268,0.123239436619718,0,207.408450704225,3810.57394366197,18.3723176694282
"DCPS","Garrison Elementary School",239,"1200 S St  NW","356","Phase 0",NA,"ES",60200,"STABILIZED",655646,2e+07,2.4e+07,-77.028612556,38.913900957,"2","Cardozo EC (6-8)","Cardozo EC (9-12)",244,35,117,40,0.479508196721311,0.163934426229508,0.14344262295082,246.72131147541,2687.0737704918,10.8911295681063
"DCPS","Hendley Elementary School",249,"425 Chesapeake St  SE","520","Phase I",2013,"ES",73200,"PARTIAL MOD",15937127,0,16150915,-76.999184846,38.82898558,"8","Hart MS","Ballou HS",503,0,453,84,0.900596421471173,0.166998011928429,0,145.526838966203,31684.1491053678,217.72031420765
"DCPS","Houston Elementary School",251,"1100 50th Pl  NE","398","Phase 0",NA,"ES",59896,"STABILIZED",1191032,15693000,16943000,-76.929947647,38.905414986,"7","Kelly Miller MS","Woodson HS",279,3,209,40,0.74910394265233,0.14336917562724,0.010752688172043,214.681003584229,4268.93189964158,19.8850006678242
"DCPS","Hyde-Addison Elementary School",252,"3219 O St  NW","330","Phase I",2014,"ES",37504,"PARTIAL MOD",19157333,22284976,43519223,-77.064537819,38.908019234,"2","Hardy MS","Wilson HS",305,29,24,25,0.0786885245901639,0.0819672131147541,0.0950819672131148,122.96393442623,62810.9278688525,510.807727175768
"DCPS","J.O. Wilson Elementary School",339,"660 K Street NE","480","Phase I",2010,"ES",98896,"PARTIAL MOD",4264356,0,4264356,-76.996589022,38.902757665,"6","Stuart-Hobson MS","Eastern HS",466,6,232,47,0.497854077253219,0.100858369098712,0.0128755364806867,212.223175965665,9150.97854077253,43.1196003882867
"DCPS","Janney Elementary School",254,"4130 Albemarle St  NW","700","Full",2011,"ES",96083,"FULL MOD + ADD",37443325,0,37949758,-77.080994825,38.947550086,"3","Deal MS","Wilson HS",693,30,8,38,0.0115440115440115,0.0548340548340548,0.0432900432900433,138.647907647908,54030.772005772,389.697709272192
"DCPS","Ketcham Elementary School",257,"1919 15th St  SE","325","Phase I",2012,"ES",88288,"PARTIAL MOD",8328691,0,8336451,-76.983621162,38.86604236,"8","Kramer MS","Anacostia HS",309,0,265,37,0.857605177993528,0.119741100323625,0,285.721682847896,26953.6925566343,94.3354816056542
"DCPS","Key Elementary School",272,"5001 Dana Pl  NW","364","Full",2003,"ES",50000,"FULL MOD + ADD",13007488,0,13007488,-77.100527318,38.926801504,"3","Hardy MS","Wilson HS",383,28,12,27,0.031331592689295,0.0704960835509138,0.0731070496083551,130.548302872063,33962.1096605744,260.14976
"DCPS","Kimball Elementary School",259,"3375 Minnesota Ave  SE","398","Phase 0",NA,"ES",83392,"STABILIZED",0,17696000,17696000,-76.957572707,38.883082756,"7","Sousa MS","Anacostia HS",348,0,268,48,0.770114942528736,0.137931034482759,0,239.632183908046,0,0
"DCPS","Lafayette Elementary School",261,"5701 Broad Branch Rd  NW","516","Full",2015,"ES",113600,"FULL MOD + ADD",9939007,59373105,78650000,-77.068037122,38.96662722,"4","Deal MS","Wilson HS",697,21,19,47,0.0272596843615495,0.0674318507890961,0.03012912482066,162.984218077475,14259.6944045911,87.4912588028169
"DCPS","Langdon Education Campus",262,"1900 Evarts St  NE","500","Phase I",2015,"ES",101392,"PARTIAL MOD",19828246,0,20824380,-76.977081855,38.924703828,"5","McKinley MS","Dunbar HS",340,17,191,56,0.561764705882353,0.164705882352941,0.05,298.211764705882,58318.3705882353,195.560261164589
"DCPS","Langley Education Campus",370,"101 T Street NE","530","Phase II",2011,"ES",1e+05,"PARTIAL MOD",10253618,0,10273670,-77.005890393,38.915162564,"5","McKinley MS","Dunbar HS",289,7,186,28,0.643598615916955,0.0968858131487889,0.0242214532871972,346.020761245675,35479.6470588235,102.53618
"DCPS","Leckie Elementary School",266,"4201 M L  King Ave  SW","480","Phase I",2012,"ES",65000,"PARTIAL MOD",595860,0,595860,-77.012891913,38.828196449,"8","Hart MS","Ballou HS",478,8,226,53,0.472803347280335,0.110878661087866,0.0167364016736402,135.983263598326,1246.5690376569,9.16707692307692
"DCPS","Ludlow-Taylor Elementary School",271,"659 G St  NE","362","Phase I",2013,"ES",66896,"PARTIAL MOD",11489803,-1026290,11762825,-76.996492494,38.898743808,"6","Stuart-Hobson MS","Eastern HS",340,3,109,31,0.320588235294118,0.0911764705882353,0.00882352941176471,196.752941176471,33793.5382352941,171.756203659412
"DCPS","Mann Elementary School",273,"4430 Newark St NW","370","Full",2015,"ES",60969,"FULL MOD + ADD",34565362,-5e+05,37197238,-77.087826194,38.934291971,"3","Hardy MS","Wilson HS",302,34,4,12,0.0132450331125828,0.0397350993377483,0.112582781456954,201.884105960265,114454.841059603,566.933392379734
"DCPS","Marie Reed Elementary School",284,"2201 18th St. NW","470","Phase 0",NA,"ES",162688,"STABILIZED",2970097,54503000,64904196,-77.040529953,38.919167306,"1","Col Hts. Ed. Campus (6-8)","Cardozo EC (9-12)",393,189,143,41,0.363867684478371,0.104325699745547,0.480916030534351,413.964376590331,7557.49872773537,18.2563987509835
"DCPS","Maury Elementary School",274,"1250 Constitution Ave NE","300","Phase I",2011,"ES",46800,"PARTIAL MOD",6444395,5044000,12620745,-76.988657501,38.89218486,"6","Eliot-Hine MS","Eastern HS",366,2,48,23,0.131147540983607,0.0628415300546448,0.00546448087431694,127.868852459016,17607.6366120219,137.700747863248
"DCPS","Moten Elementary School",285,"1565 Morris Rd SE","480","Full",2012,"ES",99696,"FULL MOD",27716993,0,27856881,-76.982943653,38.856657189,"8","Kramer MS","Anacostia HS",395,0,348,65,0.881012658227848,0.164556962025316,0,252.394936708861,70169.6025316456,278.01509589151
"DCPS","Murch Elementary School",287,"4810 36th St  NW","488","Phase 0",NA,"ES",47696,"STABILIZED",748083,63156000,68294774,-77.070079209,38.952933189,"3","Deal MS","Wilson HS",620,56,18,23,0.0290322580645161,0.0370967741935484,0.0903225806451613,76.9290322580645,1206.58548387097,15.6843970144247
"DCPS","Nalle Elementary School",288,"219 50th St  SE","400","Phase I",2012,"ES",83900,"PARTIAL MOD",11521407,0,11570572,-76.930796505,38.885954084,"7","Kelly Miller MS","Woodson HS",384,6,295,45,0.768229166666667,0.1171875,0.015625,218.489583333333,30003.6640625,137.323087008343
"DCPS","Noyes Education Campus",290,"2725 10th St  NE","391","Full",2004,"ES",51496,"FULL MOD + ADD",24719301,0,24719301,-76.991842884,38.925177646,"5","Brookland MS","Dunbar HS",289,11,182,44,0.629757785467128,0.152249134948097,0.0380622837370242,178.186851211073,85533.9134948097,480.023710579462
"DCPS","Old Miner",280,"601 15th St  NE","550","Full",2003,"ES",76896,"FULL REPLACEMENT",6391359,0,6391359,-76.982904319,38.897375681,"6","Eliot-Hine MS","Eastern HS",398,7,296,66,0.743718592964824,0.165829145728643,0.0175879396984925,193.206030150754,16058.6909547739,83.1169241573034
"DCPS","Orr Elementary School",291,"2200 Minnesota Ave  SE","392","Phase 0",NA,"ES",75900,"STABILIZED",0,41995000,44995000,-76.974484017,38.871796823,"8","Kramer MS","Anacostia HS",384,2,295,54,0.768229166666667,0.140625,0.00520833333333333,197.65625,0,0
"DCPS","Patterson Elementary School",294,"4399 South Capitol Terr  SW","382","Full",2004,"ES",76896,"FULL REPLACEMENT",5365870,0,5365870,-77.008484709,38.826966026,"8","Hart MS","Ballou HS",380,1,323,44,0.85,0.115789473684211,0.00263157894736842,202.357894736842,14120.7105263158,69.7808728672493
"DCPS","Payne Elementary School",295,"1445 C St SE","348","Full",2016,"ES",83792,"FULL MOD",22389213,27450,27815086,-76.984194914,38.885132314,"6","Eliot-Hine MS","Eastern HS",277,5,165,30,0.595667870036101,0.108303249097473,0.0180505415162455,302.498194945848,80827.4837545126,267.199887817453
"DCPS","Peabody Elementary School",301,"425 C St  NE","228","Phase I",2013,"PK3-K",37800,"PARTIAL MOD",7028816,0,7099258,-76.999857987,38.892895991,"6","Stuart-Hobson MS","Eastern HS",227,4,16,10,0.0704845814977974,0.0440528634361234,0.0176211453744493,166.519823788546,30963.9471365639,185.947513227513
"DCPS","Plummer Elementary School",299,"4601 Texas Ave  SE","448","Phase I",2014,"ES",69392,"PARTIAL MOD",13846933,26191,14299544,-76.939934676,38.887239863,"7","Sousa MS","Anacostia HS",428,24,354,54,0.827102803738318,0.126168224299065,0.0560747663551402,162.130841121495,32352.6471962617,199.546532741526
"DCPS","Powell Elementary School",300,"1350 Upshur St  NW","304","Full",2016,"ES",76848,"FULL MOD + ADD",25490976,2504026,44744174,-77.031227422,38.941534009,"4","Col. Hts. EC (6-8)","Cardozo EC (6-12)",446,250,202,57,0.452914798206278,0.12780269058296,0.560538116591928,172.304932735426,57154.6547085202,331.706433479076
"DCPS","Raymond Education Campus",302,"915 Spring Rd  NW","615","Phase 0",NA,"ES/MS",73600,"STABILIZED",0,19567000,19567000,-77.02643266,38.935810871,"4","","Roosevelt HS",581,245,308,96,0.530120481927711,0.165232358003442,0.421686746987952,126.678141135972,0,0
"DCPS","Ross Elementary School",305,"1730 R St  NW","176","Phase I",2012,"ES",22400,"PARTIAL MOD",2604666,0,2612974,-77.039662145,38.912390814,"2","Cardozo EC (6-8)","Cardozo EC (9-12)",166,28,10,5,0.0602409638554217,0.0301204819277108,0.168674698795181,134.939759036145,15690.7590361446,116.279732142857
"DCPS","Savoy Elementary School",307,"2400 Shannon Pl SE","430","Full",2009,"ES",86800,"FULL MOD + ADD",21059646,0,21059646,-76.993604261,38.862851652,"8","Kramer MS","Anacostia HS",408,4,333,51,0.816176470588235,0.125,0.00980392156862745,212.745098039216,51616.7794117647,242.622649769585
"DCPS","Seaton Elementary School",309,"1503 10th St  NW","325","Phase I",2011,"ES",65000,"PARTIAL MOD",4298925,0,4302057,-77.024882467,38.910618362,"6","Cardozo EC (6-8)","Cardozo EC (9-12)",295,125,148,32,0.501694915254237,0.108474576271186,0.423728813559322,220.338983050847,14572.6271186441,66.1373076923077
"DCPS","Shepherd Elementary School",313,"7800 14th St  NW","400","Phase I",2016,"ES",79696,"FULL MOD + ADD",20462934,1274389,31576280,-77.033995228,38.984602949,"4","Hardy MS","Wilson HS",318,6,59,39,0.185534591194969,0.122641509433962,0.0188679245283019,250.616352201258,64348.8490566038,256.762372013652
"DCPS","Simon Elementary School",315,"401 Mississippi Ave  SE","325","Phase I",2012,"ES",66192,"PARTIAL MOD",8505311,0,8672620,-77.000194997,38.835980202,"8","Hart MS","Ballou HS",293,2,227,38,0.774744027303754,0.129692832764505,0.0068259385665529,225.911262798635,29028.3651877133,128.494546168721
"DCPS","Smothers Elementary School",322,"4400 Brooks St  NE","344","Phase 0",NA,"ES",43000,"STABILIZED",152322,12679000,12831322,-76.938468639,38.893553701,"7","Kelly Miller MS","Woodson HS",275,6,203,30,0.738181818181818,0.109090909090909,0.0218181818181818,156.363636363636,553.898181818182,3.54237209302326
"DCPS","Stanton Elementary School",319,"2701 Naylor Rd  SE","586","Full",2016,"ES",95000,"FULL MOD + ADD",23307939,2165644,36035000,-76.968490227,38.859271774,"8","Kramer MS","Anacostia HS",578,0,502,94,0.868512110726644,0.162629757785467,0,164.359861591696,40325.1539792388,245.346726315789
"DCPS","Stoddert Elementary School",321,"4001 Calvert St  NW","320","Full",2010,"ES",65200,"FULL MOD + ADD",18707417,0,18707417,-77.079073796,38.923044313,"3","Hardy MS","Wilson HS",418,72,18,15,0.0430622009569378,0.0358851674641148,0.172248803827751,155.980861244019,44754.5861244019,286.923573619632
"DCPS","Takoma Education Campus",324,"7010 Piney Branch Rd  NW","450","Full",2012,"ES/MS",118992,"FULL MOD",26979598,0,27036559,-77.022794928,38.975042541,"4","","Coolidge HS",442,113,189,70,0.427601809954751,0.158371040723982,0.255656108597285,269.212669683258,61039.814479638,226.734553583434
"DCPS","Thomas Elementary School",325,"650 Anacostia Ave NE","474","Phase I",2013,"ES",87600,"PARTIAL MOD",7563320,0,7572071,-76.952110911,38.901278637,"7","Kelly Miller MS","Woodson HS",408,6,295,44,0.723039215686274,0.107843137254902,0.0147058823529412,214.705882352941,18537.5490196078,86.3392694063927
"DCPS","Thomson Elementary School",326,"1200 L St  NW","320","Full",2006,"ES",74992,"FULL MOD + ADD",25521091,0,25521091,-77.028430033,38.903496003,"2","Jefferson Acad. MS","Eastern HS",272,141,124,40,0.455882352941176,0.147058823529412,0.518382352941177,275.705882352941,93827.5404411765,340.317513868146
"DCPS","Truesdell Education Campus",327,"800 Ingraham St  NW","542","Phase I",2010,"ES/MS",69600,"PARTIAL MOD",4465045,7489000,11954045,-77.025071576,38.953968357,"4","","Roosevelt HS",526,239,290,104,0.551330798479088,0.197718631178707,0.454372623574144,132.319391634981,8488.67870722434,64.1529454022989
"DCPS","Tubman Elementary School",328,"3101 13th St  NW","500","Phase I",2009,"ES",66592,"PARTIAL MOD",3644743,0,3644743,-77.029443298,38.929198235,"1","Col. Hts. EC (6-8)","Cardozo EC (9-12)",498,167,302,69,0.606425702811245,0.13855421686747,0.335341365461847,133.718875502008,7318.76104417671,54.7324453387794
"DCPS","Turner Elementary School",329,"3264 Stanton Rd SE","530","Full",2013,"ES",101093,"FULL MOD + ADD",27580545,0,27695424,-76.980309925,38.847634942,"8","Johnson MS","Ballou HS",392,0,333,52,0.849489795918367,0.13265306122449,0,257.890306122449,70358.5331632653,272.823489262362
"DCPS","Tyler Elementary School",330,"1001 G St  SE","564","Phase I",2010,"ES",69600,"PARTIAL MOD",3750929,0,3750929,-76.992041663,38.881084023,"6","Jefferson Acad. MS","Eastern HS",522,9,239,74,0.457854406130268,0.14176245210728,0.0172413793103448,133.333333333333,7185.6877394636,53.892658045977
"DCPS","Walker-Jones Education Campus",332,"1125 New Jersey Ave NW","700","Full",2009,"ES/MS",95000,"FULL REPLACEMENT",40442253,0,40442253,-77.01391586,38.904191757,"6","","Dunbar HS",465,8,348,124,0.748387096774194,0.266666666666667,0.0172043010752688,204.301075268817,86972.5870967742,425.707926315789
"DCPS","Watkins Elementary School",333,"420 12th St  SE","587","Phase 0",NA,"ES",69296,"STABILIZED",2675972,30313978,39400200,-76.989996769,38.883466674,"6","Stuart-Hobson MS","Eastern HS",500,4,98,45,0.196,0.09,0.008,138.592,5351.944,38.6165435234357
"DCPS","Wheatley Education Campus",335,"1299 Neal St NE","500","Full",2009,"ES/MS",86368,"FULL MOD + ADD",42645563,0,42645768,-76.988500771,38.90411741,"5","","Dunbar HS",463,7,364,91,0.786177105831533,0.196544276457883,0.0151187904967603,186.539956803456,92107.0475161987,493.765781307892
"DCPS","Whittier Education Campus",338,"6201 5th St  NW","520","Phase I",2013,"ES/MS",71092,"PARTIAL MOD + ADD",5208611,0,5241031,-77.019238602,38.965856939,"4","","Coolidge HS",350,38,214,74,0.611428571428571,0.211428571428571,0.108571428571429,203.12,14881.7457142857,73.265782366511
"DCPS","Hearst Elementary School",258,"3950 37th St  NW","330","Full",2015,"ES",62309,"FULL MOD + ADD",35678706,361277,43433519,-77.071955219,38.940722313,"3","Deal MS","Wilson HS",291,28,39,25,0.134020618556701,0.0859106529209622,0.0962199312714777,214.120274914089,122607.237113402,572.609189683673
"DCPS","West Education Campus",336,"1338 Farragut St  NW","278","Phase 0",NA,"ES/MS",69642,"STABILIZED",0,35095000,35095000,-77.032253056,38.95136708,"4","","Roosevelt HS",267,27,112,44,0.419475655430712,0.164794007490637,0.101123595505618,260.831460674157,0,0
"DCPS","Van Ness ES",331,NA,NA,"Full",2016,"ES",49400,"FULL MOD + ADD",10556642,17995000,32448396,-76.99914,38.87675,"6","Jefferson Acad. MS","Eastern HS",NA,NA,NA,NA,NA,NA,NA,NA,NA,213.697206477733
"DCPS","Amidon-Bowen Elementary School",203,"401 Eye St  SW","400","Phase I",2012,"ES",70800,"PARTIAL MOD",5993305,0,5993305,-77.018125299,38.879515067,"6","Jefferson Acad. MS","Eastern HS",345,6,254,90,0.736231884057971,0.260869565217391,0.0173913043478261,205.217391304348,17371.8985507246,84.6512005649717
"DCPS","Anacostia High School",450,"1601 16th St  SE","837","Full",2012,"HS",204992,"FULL MOD",68228069,0,68860993,-76.983077254,38.870083725,"8","","",661,0,586,186,0.886535552193646,0.281391830559758,0,310.124054462935,103219.468986384,332.83283737902
"DCPS","Coolidge High School",455,"6315 5th St  NW","1105","Phase 0",NA,"HS",271300,"STABILIZED",2537691,116633000,122176717,-77.019578251,38.967284215,"4","","",395,50,301,104,0.762025316455696,0.263291139240506,0.126582278481013,686.835443037975,6424.53417721519,9.35381865093992
"DCPS","Deal Middle School",405,"3815 Fort Dr  NW","1370","Full",2014,"MS",223689,"FULL MOD + ADD",73524856,0,74154641,-77.075199068,38.952896407,"3","","Wilson HS",1312,47,99,166,0.0754573170731707,0.126524390243902,0.0358231707317073,170.494664634146,56040.2865853659,328.692318352713
"DCPS","Eastern High School",457,"1700 East Capitol St NE","1100","Full",2010,"HS",310721,"FULL MOD",74502874,0,74503071,-76.979684293,38.890402328,"6","","",1025,3,714,296,0.696585365853658,0.288780487804878,0.00292682926829268,303.14243902439,72685.7307317073,239.774183270522
"DCPS","Eliot-Hine Middle School",407,"1830 Constitution Ave  NE","742","Phase 0",NA,"MS",155072,"STABILIZED",210957,40911043,42653975,-76.978977919,38.892431159,"6","","Eastern HS",257,2,161,63,0.626459143968872,0.245136186770428,0.00778210116731518,603.392996108949,820.844357976654,1.36038098431696
"DCPS","Ellington School of the Arts",471,"2501 11th St NW",NA,"Full",2017,"HS",167500,"FULL MOD + ADD",34081441,61688778,180437856,-77.070307568,38.913446043,"2","","",523,5,175,25,0.334608030592734,0.0478011472275335,0.00956022944550669,320.267686424474,65165.2791586998,203.471289552239
"DCPS","Francis-Stevens Education Campus",409,"2425 N St  NW","437","Phase 0",NA,"ES/MS",95088,"STABILIZED",1314689,20178000,22278000,-77.052320997,38.907469168,"2","","Cardozo EC (9-12)",414,25,109,58,0.263285024154589,0.140096618357488,0.0603864734299517,229.68115942029,3175.57729468599,13.8260243143194
"DCPS","H.D. Cooke Elementary School",227,"2525 17th St NW","440","Full",2009,"ES",85696,"FULL MOD + ADD",32500688,0,32500688,-77.038810584,38.923942751,"1","CHEC (6-8)","Cardozo EC (9-12)",400,164,215,42,0.5375,0.105,0.41,214.24,81251.72,379.255601194922
"DCPS","Hardy Middle School",246,"1819 35th St  NW","485","Full",2008,"MS",107200,"FULL MOD + ADD",50758871,0,50758871,-77.068613896,38.915508698,"2","","Wilson HS",386,18,96,62,0.248704663212435,0.160621761658031,0.0466321243523316,277.720207253886,131499.665803109,473.496930970149
"DCPS","Hart Middle School",413,"601 Mississippi Ave  SE","912","Phase I",2011,"MS",210700,"PARTIAL MOD",13075759,0,13214760,-76.997178747,38.837737537,"8",NA,"Ballou HS",479,0,393,128,0.820459290187891,0.267223382045929,0,439.874739039666,27298.0354906054,62.0586568580921
"DCPS","Jefferson Middle School",433,"801 7th St SW","570","Phase 0",NA,"MS",108992,"STABILIZED",0,35993000,35993000,-77.02291066,38.879870599,"6","","Eastern HS",277,3,179,67,0.646209386281588,0.24187725631769,0.0108303249097473,393.472924187726,0,0
"DCPS","Kelly Miller Middle School",421,"301 49th St  NE","600","Full",2004,"MS",114992,"FULL REPLACEMENT",10614880,0,10614880,-76.932455065,38.893315031,"7","","HD Woodson HS",546,7,382,146,0.6996336996337,0.267399267399267,0.0128205128205128,210.608058608059,19441.1721611722,92.3097258939752
"DCPS","King Elementary School",344,"3200 6th St  SE","444","Phase 0",NA,"ES",65496,"STABILIZED",4118755,372458,6567738,-76.998238991,38.842442852,"8","Hart MS","Ballou HS",372,2,327,55,0.879032258064516,0.147849462365591,0.00537634408602151,176.064516129032,11071.9220430108,62.8855960669354
"DCPS","Kramer Middle School",417,"1700 Q St  SE","600","Phase I",2014,"MS",153984,"PARTIAL MOD",30951777,0,35059047,-76.980171305,38.87128607,"8",NA,"Anacostia HS",333,0,267,110,0.801801801801802,0.33033033033033,0,462.414414414414,92948.2792792793,201.006448721945
"DCPS","LaSalle-Backus Education Campus",264,"501 Riggs Road NE","400","Phase I",2012,"ES/MS",63000,"PARTIAL MOD",14206295,0,14545500,-76.999882544,38.959971809,"4","","Coolidge HS",349,106,183,50,0.524355300859599,0.143266475644699,0.303724928366762,180.515759312321,40705.7163323782,225.496746031746
"DCPS","Phelps Architecture, Construction, and Engineering High School",478,"704 26th Street NE","512","Full",2008,"HS",146976,"FULL MOD + ADD",0,0,NA,-76.971897631,38.901991687,"5","","",323,9,166,42,0.513931888544892,0.130030959752322,0.0278637770897833,455.034055727554,0,0
"DCPS","School Without Walls High School",466,"2130 G St NW","520","Full",2009,"HS",74000,"FULL MOD + ADD",0,0,NA,-77.048186466,38.898123787,"2","","",590,0,91,4,0.154237288135593,0.00677966101694915,0,125.423728813559,0,0
"DCPS","Sousa Middle School",427,"3650 Ely Pl SE","636","Full",2008,"MS",136000,"FULL MOD",0,0,NA,-76.953158845,38.883894076,"7",NA,"Anacostia HS",284,0,209,82,0.735915492957746,0.288732394366197,0,478.87323943662,0,0
"DCPS","Wilson High School",463,"3950 Chesapeake St NW","1700","Full",2011,"HS",376448,"FULL MOD + ADD",114246156,0,114320882,-77.077775201,38.950155808,"3","","",1788,106,550,263,0.307606263982103,0.147091722595078,0.0592841163310962,210.541387024608,63896.0604026846,303.484560948657
"DCPS","Bruce-Monroe Elementary School @ Park View",296,"3560 Warder St  NW","609","Phase I",2012,"ES",82192,"PARTIAL MOD",11264300,0,17026865,-77.021185666,38.934413761,"1","CHEC (6-8)","Cardozo EC (9-12)",465,290,235,56,0.505376344086022,0.120430107526882,0.623655913978495,176.756989247312,24224.3010752688,137.048617870352
"DCPS","Columbia Heights Education Campus",442,"3101 16th St  NW","1400","Full",2006,"MS/HS",325218,"FULL REPLACEMENT",78652173,0,78652173,-77.035858309,38.929544434,"1","","Cardozo HS (9-12)",1384,429,744,153,0.53757225433526,0.110549132947977,0.309971098265896,234.984104046243,56829.6047687861,241.844464328543
"DCPS","John Hayden Johnson Middle School",416,"1400 Bruce Pl  SE","730","Phase I",2013,"MS",182496,"PARTIAL MOD",18602234,-5857,20521528,-76.983703681,38.851336572,"8",NA,"Ballou HS",291,3,229,103,0.786941580756014,0.353951890034364,0.0103092783505155,627.134020618557,63925.2027491409,101.932283447308
"DCPS","Stuart-Hobson Middle School",428,"410 E St  NE","450","Full",2015,"MS",115242,"FULL MOD + ADD",44653267,1190116,47666762,-77.00000438,38.89629737,"6","","Eastern HS",423,3,143,83,0.33806146572104,0.196217494089835,0.00709219858156028,272.439716312057,105563.278959811,387.473898405095
"DCPS","Washington Metropolitan High School",474,"300 Bryant Street NW","350","Phase 0",NA,"ALT",49496,"STABILIZED",0,9900000,9900000,-77.015584665,38.920429783,"1","","",244,2,0,56,0,0.229508196721311,0.00819672131147541,202.852459016393,0,0
"DCPS","Benjamin Banneker High School",402,"800 Euclid St  NW","620","Phase 0",NA,"HS",180000,"STABILIZED",671104,77074000,78745104,-77.023976968,38.923832421,"1","","",449,3,113,0,0.251670378619154,0,0.0066815144766147,400.890868596882,1494.66369710468,3.72835555555556
"DCPS","Oyster-Adams Bilingual School (Oyster)",201,"2801 Calvert St NW","350","Full",2001,"ES",47984,"FULL REPLACEMENT",0,0,NA,-77.044377251,38.917309201,"3",NA,"Wilson HS",NA,NA,NA,NA,NA,NA,NA,NA,NA,0
"DCPS","Brookland Education Campus @ Bunker Hill",346,"1401 Michigan Ave  NE","480","Phase I",2012,"ES",69392,"PARTIAL MOD",6533765,0,6544178,-76.984995636,38.942012134,"5","Brookland MS","Dunbar HS",225,8,108,38,0.48,0.168888888888889,0.0355555555555556,308.408888888889,29038.9555555556,94.1573236107909
"DCPS","Dunbar High School (OLD)",467,"101 N St. NW","1100","Full",2013,NA,NA,NA,NA,NA,NA,-77.014693861,38.908523215,"5","","",653,6,483,198,0.739663093415008,0.303215926493109,0.00918836140888208,NA,NA,NA
"DCPS","Malcolm X Elementary School",308,"1500 Mississippi Ave. SE Washington","248","Phase 0",NA,"ES",77700,"STABILIZED",0,0,52963,-76.983398577,38.841645061,"8","Johnson MS","Ballou HS",244,0,207,31,0.848360655737705,0.127049180327869,0,318.44262295082,0,0
"DCPS","Old Randle",316,"1650 30th St  SE","450","Full",2002,NA,NA,NA,NA,NA,NA,-76.964356283,38.870091402,"7","Kramer MS","Anacostia HS",360,3,228,49,0.633333333333333,0.136111111111111,0.00833333333333333,NA,NA,NA
"DCPS","Cardozo EC",454,"1200 Clifton St. NW","1070","Full",2013,NA,NA,NA,NA,NA,NA,-77.028470794,38.922172198,"1","","",781,266,573,188,0.733674775928297,0.240717029449424,0.340588988476312,NA,NA,NA
"DCPS","Capitol Hill Montessori School @ Logan",360,"215 G Street NE","360","Phase 0",NA,"ES/MS",47200,"STABILIZED",975866,11987136,14637256,-77.002562701,38.898529974,"6",NA,"Eastern HS",310,3,25,11,0.0806451612903226,0.0354838709677419,0.00967741935483871,152.258064516129,3147.95483870968,20.6751271186441
"DCPS","Luke C. Moore High School",884,"1001 Monroe St NE","350","Full",2006,"ALT",65528,"FULL MOD + ADD",0,0,NA,-76.992316326,38.932276047,"5","","",350,2,0,41,0,0.117142857142857,0.00571428571428571,187.222857142857,0,0
"DCPS","Prospect Learning Center",242,"920 F STREET NE","450","Phase I",2005,"ES",59200,"PARTIAL MOD",1365487,12028931,16383000,-76.993183024,38.897564662,"6",NA,"",126,1,70,37,0.555555555555556,0.293650793650794,0.00793650793650794,469.84126984127,10837.1984126984,23.0656587837838
"DCPS","Brookland MS",219,NA,NA,"",2014,"MS",110000,"FULL REPLACEMENT",58053351,-1202174,62711400,-76.99182,38.93741,"5","Brookland MS","Dunbar HS",NA,NA,NA,NA,NA,NA,NA,NA,NA,527.757736363636
"DCPS","Oyster-Adams Bilingual School (Adams)",201,"2020 19th St. NW","324","Phase 0",NA,"MS",59400,"STABILIZED",3803375,12236000,16039375,-77.044377251,38.917309201,"3",NA,"Wilson HS",NA,NA,NA,NA,NA,NA,NA,NA,NA,64.0298821548822
"DCPS","Woodson, H.D. HS",464,"540 55th St. NE","1000","Full",2011,"HS",253406,"FULL REPLACEMENT",107742134,0,107779131,-76.922322143,38.896782823,"7","","",639,6,501,193,0.784037558685446,0.302034428794992,0.00938967136150235,396.566510172144,168610.538341158,425.175939006969
"DCPS","river terrace sp. ed.",304,NA,NA,NA,NA,"SPED",77707,"FULL MOD + ADD",32133707,-2200000,35717175,-76.95752,38.89495,"7",NA,"",NA,NA,NA,NA,NA,NA,NA,NA,NA,413.52396823967
"DCPS","Roosevelt High School",459,"4301 13th St NW","1030","Full",2015,"HS",331840,"FULL MOD + ADD",117015598,1887406,143557836,-77.027776341,38.943608176,"4","","",476,143,394,141,0.827731092436975,0.296218487394958,0.300420168067227,697.142857142857,245831.088235294,352.62656099325
"DCPS","Ballou HS (includes STAY Program)",452,"3401 4th St  SE","1520","Full",2015,NA,NA,NA,NA,NA,NA,-77.000975263,38.839382331,"8","","",755,0,644,276,0.852980132450331,0.365562913907285,0,NA,NA,NA
"DCPS","Sharpe Health School",312,"420 34th St NW","120",NA,NA,"ALT",80500,"STABILIZED",2089951,0,2089951,NA,NA,NA,NA,"",60,7,31,3,0.516666666666667,0.05,0.116666666666667,1341.66666666667,34832.5166666667,25.9621242236025
"DCPS","McKinley Technology High School",435,"151 T St NE","1160","Full",2014,"",62000,"FULL MOD",NA,NA,NA,-77.004122439,38.915219785,"5","","Dunbar HS",202,5,119,31,0.589108910891089,0.153465346534653,0.0247524752475248,306.930693069307,NA,NA
"DCPS","McKinley Technology High School",458,"151 T St NE","1160","Full",2004,"HS",282200,"FULL MOD",77382544,0,77443210,-77.00488219,38.915210095,"5","","",645,6,239,12,0.370542635658915,0.0186046511627907,0.00930232558139535,437.519379844961,119972.936434109,274.211708008505
"DCPS","Roosevelt High School",459,"4301 13th St NW","1030","Full",2015,"HS",331840,"FULL MOD + ADD",117015598,1887406,143557836,-77.027776341,38.943608176,"4","","",476,143,394,141,0.827731092436975,0.296218487394958,0.300420168067227,697.142857142857,245831.088235294,352.62656099325
"DCPS","Ballou HS (includes STAY Program)",462,"3401 4th St  SE","1520","Full",2015,NA,NA,NA,NA,NA,NA,-77.000975263,38.839382331,"8",NA,NA,591,0,0,52,0,0.0879864636209814,0,NA,NA,NA
"DCPS","Sharpe Health School",265,"420 34th St NW","120",NA,NA,"ALT",80500,"STABILIZED",2089951,0,2089951,NA,NA,NA,NA,NA,56,4,29,0,0.517857142857143,0,0.0714285714285714,1437.5,37320.5535714286,25.9621242236025
"DCPS","CHOICE Academy",947,NA,NA,NA,NA,NA,NA,NA,NA,NA,NA,-77.006775952,38.913502755,"5",NA,NA,5,0,0,0,0,0,0,NA,NA,NA
"DCPS","Incarcerated Youth Program",480,NA,NA,NA,NA,NA,NA,NA,NA,NA,NA,-76.976378916,38.883430572,"7",NA,NA,28,1,0,18,0,0.642857142857143,0.0357142857142857,NA,NA,NA
"DCPS","Youth Services Center",861,NA,NA,NA,NA,NA,NA,NA,NA,NA,NA,-76.988585838,38.91213926,"5",NA,NA,76,1,0,32,0,0.421052631578947,0.0131578947368421,NA,NA,NA
"DCPS","Dorothy Height ES",0,NA,NA,NA,NA,NA,NA,NA,NA,NA,NA,-77.03087,38.94452,"4",NA,NA,NA,NA,NA,NA,NA,NA,NA,NA,NA,NA
"PCS","Briya Public Charter School",126,"1755 Newton Street, NW","N/A",NA,NA,"ADULT",NA,NA,NA,NA,NA,-77.0398061,38.92097271,"1",NA,NA,NA,50,20,5,NA,NA,NA,NA,NA,NA
"PCS","Briya Public Charter School",126,"2333 Ontario Road, NW (Main Office)","N/A",NA,NA,"ADULT",NA,NA,NA,NA,NA,-77.0398061,38.92097271,"1",NA,NA,NA,50,20,5,NA,NA,NA,NA,NA,NA
"PCS","Briya Public Charter School",126,"3912 Georgia Avenue, NW","663",NA,NA,"ADULT",26940,NA,NA,NA,NA,-77.0398061,38.92097271,"1",NA,NA,492,50,20,5,0.040650406504065,0.0101626016260163,0.101626016260163,54.7560975609756,NA,NA
"PCS","Early Childhood Academy PCS",138,"4025 9th Street, SE","178",NA,NA,"ES",15602,NA,NA,NA,NA,-76.99053162,38.83175194,"8",NA,NA,207,0,167,22,0.806763285024155,0.106280193236715,0,75.3719806763285,NA,NA
"PCS","Early Childhood Academy PCS",138,"4301 9th Street, SE ","122",NA,NA,"ES",4012,NA,NA,NA,NA,-76.99053162,38.83175194,"8",NA,NA,53,0,167,22,3.15094339622642,0.415094339622642,0,75.6981132075472,NA,NA
"PCS","Bridges PCS",142,"1244 Taylor Street. NW","155",NA,NA,"ES",10776,NA,NA,NA,NA,-77.02862381,38.94050005,"4",NA,NA,142,102,93,77,0.654929577464789,0.542253521126761,0.71830985915493,75.887323943662,NA,NA
"PCS","Bridges PCS",142,"1250 Taylor Street, NW","89",NA,NA,"ES",3900,NA,NA,NA,NA,-77.02862381,38.94050005,"4",NA,NA,51,102,93,77,1.82352941176471,1.50980392156863,2,76.4705882352941,NA,NA
"PCS","Bridges PCS",142,"4300 13th Street NW
","290
",NA,NA,"ES",6000,NA,NA,NA,NA,-77.02862381,38.94050005,"4",NA,NA,79,102,93,77,1.17721518987342,0.974683544303797,1.29113924050633,75.9493670886076,NA,NA
"PCS","Roots PCS",173,"15 Kennedy Street, NW","70",NA,NA,"ES",9000,NA,NA,NA,NA,-77.01030958,38.95686375,"4",NA,NA,82,2,39,7,0.475609756097561,0.0853658536585366,0.024390243902439,109.756097560976,NA,NA
"PCS","Roots PCS",173,"6222 North Capitol Street, NW","160",NA,NA,"ES",1374,NA,NA,NA,NA,-77.01030958,38.95686375,"4",NA,NA,13,2,39,7,3,0.538461538461538,0.153846153846154,105.692307692308,NA,NA
"PCS","Latin American Montessori Bilingual (LAMB) PCS",193,"1800 Perry Street, NE","220",NA,NA,"ES",20200,NA,NA,NA,NA,-77.03239905,38.96216089,"4",NA,NA,188,129,40,38,0.212765957446809,0.202127659574468,0.686170212765957,107.446808510638,NA,NA
"PCS","Latin American Montessori Bilingual (LAMB) PCS",193,"1375 Missouri Avenue, NW","346",NA,NA,"ES",16468,NA,NA,NA,NA,-77.03239905,38.96216089,"4",NA,NA,154,129,40,38,0.25974025974026,0.246753246753247,0.837662337662338,106.935064935065,NA,NA
"PCS","Two Rivers PCS",198,"1227 4th Street, NE ","537",NA,NA,"ES/MS",33076,NA,NA,NA,NA,-77.00029965,38.90675361,"6",NA,NA,336,20,126,107,0.375,0.318452380952381,0.0595238095238095,98.4404761904762,NA,NA
"PCS","Two Rivers PCS",198,"1234 4th Street, NE","149",NA,NA,"ES/MS",17929,NA,NA,NA,NA,-77.00029965,38.90675361,"6",NA,NA,182,20,126,107,0.692307692307692,0.587912087912088,0.10989010989011,98.510989010989,NA,NA
"PCS","D C  Bilingual PCS",199,"1420 Columbia Road, NW","549",NA,NA,"ES",50000,NA,NA,NA,NA,-77.0333075,38.92719562,"1",NA,NA,243,180,130,56,0.534979423868313,0.230452674897119,0.740740740740741,205.761316872428,NA,NA
"PCS","D C  Bilingual PCS",199,"3029 14th Street, NW","260",NA,NA,"ES",25000,NA,NA,NA,NA,-77.0333075,38.92719562,"1",NA,NA,121,180,130,56,1.07438016528926,0.462809917355372,1.48760330578512,206.611570247934,NA,NA
"PCS","Academy of Hope Adult PCS",233,"
421 Alabama Avenue, SE","111",NA,NA,"ADULT",12000,NA,NA,NA,NA,NA,NA,NA,NA,NA,144,0,0,0,0,0,0,83.3333333333333,NA,NA
"PCS","Academy of Hope Adult PCS",233,"601 Edgewood Street, NE","75",NA,NA,"ADULT",9375,NA,NA,NA,NA,NA,NA,NA,NA,NA,112,0,0,0,0,0,0,83.7053571428571,NA,NA
"PCS","Carlos Rosario International PCS Harvard Street Campus",1119,"514 V Street, NE","414",NA,NA,"ADULT",48000,NA,NA,NA,NA,-77.02755753,38.92646384,"1",NA,NA,717,113,0,0,0,0,0.157601115760112,66.9456066945607,NA,NA
"PCS","Carlos Rosario International PCS Harvard Street Campus",1119,"1100 Harvard Street, NW"," 	1,200 ",NA,NA,"ADULT",84000,NA,NA,NA,NA,-77.02755753,38.92646384,"1",NA,NA,1256,113,0,0,0,0,0.089968152866242,66.8789808917197,NA,NA
"PCS","Friendship PCS Tech Prep",1124,"2705 Martin Luther King Jr. Avenue, SE","848",NA,NA,"MS/HS",59125,NA,NA,NA,NA,-76.99757265,38.84826749,"8",NA,NA,445,1,353,90,0.793258426966292,0.202247191011236,0.00224719101123596,132.865168539326,NA,NA
"PCS","Friendship PCS Tech Prep",1124,"620 Milwaukee Place, SE","200",NA,NA,"MS/HS",7224,NA,NA,NA,NA,-76.99757265,38.84826749,"8",NA,NA,54,1,353,90,6.53703703703704,1.66666666666667,0.0185185185185185,133.777777777778,NA,NA
"PCS","Capital City High School PCS",1207,"102 Peabody Street, NW","",NA,NA,"HS",57033,NA,NA,NA,NA,-77.01286745,38.96216486,"4",NA,NA,354,50,148,60,0.418079096045198,0.169491525423729,0.141242937853107,161.110169491525,NA,NA
"PCS","Capital City High School PCS",1207,"4502 Kansas Avenue, NW","",NA,NA,"ES",53800,NA,NA,NA,NA,-77.01286745,38.96216486,"4",NA,NA,333,50,148,60,0.444444444444444,0.18018018018018,0.15015015015015,161.561561561562,NA,NA
"PCS","AppleTree Early Learning PCS Southeast",3072,"2011 Savannah Terrace, SE","120",NA,NA,"PK3-K",7484,NA,NA,NA,NA,-76.9749201,38.84876326,"8",NA,NA,78,1,129,4,1.65384615384615,0.0512820512820513,0.0128205128205128,95.9487179487179,NA,NA
"PCS","AppleTree Early Learning PCS Southeast",3072,"2017 Savannah Terrace, SE","110",NA,NA,"PK3-K",9677,NA,NA,NA,NA,-76.9749201,38.84876326,"8",NA,NA,100,1,129,4,1.29,0.04,0.01,96.77,NA,NA
"PCS","D C  Preparatory Edgewood Middle Campus PCS",196," 701 Edgewood Street, NE","340",NA,NA,"MS",39746,NA,NA,NA,NA,-76.99600905,38.92473904,"5",NA,NA,294,1,101,46,0.343537414965986,0.156462585034014,0.00340136054421769,135.190476190476,NA,NA
"PCS","D C  Preparatory Benning Campus PCS",1110,"100 41st Street, NE","849",NA,NA,"ES",80352,NA,NA,NA,NA,-76.94482148,38.8910218,"7",NA,NA,442,8,231,22,0.52262443438914,0.0497737556561086,0.0180995475113122,181.79185520362,NA,NA
"PCS","Capital City Lower PCS",184,"100 Peabody Street, NW"," 	1,180 ",NA,NA,"ES",57033,NA,NA,NA,NA,-77.01286745,38.96216486,"4",NA,NA,322,95,72,15,0.22360248447205,0.046583850931677,0.295031055900621,177.121118012422,NA,NA
"PCS","D C Preparatory Benning Middle Campus",218,"101 41st Street, NE","",NA,NA,"MS",26784,NA,NA,NA,NA,-76.94482148,38.8910218,"7",NA,NA,152,1,67,22,0.440789473684211,0.144736842105263,0.00657894736842105,176.210526315789,NA,NA
"PCS","Capital City Middle School",182,"101 Peabody Street, NW","",NA,NA,"MS",57033,NA,NA,NA,NA,-77.01286745,38.96216486,"4",NA,NA,320,38,111,56,0.346875,0.175,0.11875,178.228125,NA,NA
"PCS","Eagle Academy PCS New Jersey Avenue Campus",1125,"1017 New Jersey Avenue, SE","190",NA,NA,"ES",8500,NA,NA,NA,NA,-77.00508258,38.8778378,"6",NA,NA,146,0,79,11,0.541095890410959,0.0753424657534247,0,58.2191780821918,NA,NA
"PCS","IDEA PCS",163,"1027 45th Street, NE","490",NA,NA,"HS",70000,NA,NA,NA,NA,-76.93710358,38.90454891,"7",NA,NA,217,1,165,42,0.76036866359447,0.193548387096774,0.00460829493087558,322.58064516129,NA,NA
"PCS","Center City Trinidad Campus PCS",1108,"1217 W  Virginia Avenue, NE","434",NA,NA,"ES/MS",23313,NA,NA,NA,NA,-76.99120218,38.90529915,"5",NA,NA,236,4,132,26,0.559322033898305,0.110169491525424,0.0169491525423729,98.7838983050847,NA,NA
"PCS","Community Academy Amos I",105,"1300 Allison Street, NW","957",NA,NA,"ES",55000,NA,NA,NA,NA,-77.03054061,38.94470049,"4",NA,NA,590,213,261,53,0.442372881355932,0.0898305084745763,0.361016949152542,93.2203389830509,NA,NA
"PCS","Friendship PCS Chamberlain Elementary",363,"1345 Potomac Avenue, SE"," 	1,046 ",NA,NA,"ES",42232,NA,NA,NA,NA,-76.9868023,38.87938499,"6",NA,NA,375,1,235,18,0.626666666666667,0.048,0.00266666666666667,112.618666666667,NA,NA
"PCS","Friendship PCS Chamberlain Middle",364,"1345 Potomac Avenue, SE","",NA,NA,"MS",38628,NA,NA,NA,NA,-76.9868,38.87938,"6",NA,NA,343,0,200,59,0.583090379008746,0.17201166180758,0,112.618075801749,NA,NA
"PCS","Community Academy CAPCS Online",108,"1351 Nicholson Street, NW","217",NA,NA,"ES/MS",20100,NA,NA,NA,NA,-77.0321778,38.9059779,"2",NA,NA,123,0,43,21,0.349593495934959,0.170731707317073,0,163.414634146341,NA,NA
"PCS","Options PCS",169,"1375 E Street, NE"," 	1,127 ",NA,NA,"MS/HS",66622,NA,NA,NA,NA,-76.98621343,38.89585026,"6",NA,NA,268,0,218,168,0.813432835820896,0.626865671641791,0,248.589552238806,NA,NA
"PCS","KIPP DC Connect Academy",209,"1375 Mt Olivet Road, NE"," 	1,206 ",NA,NA,"PK3-K",38123,NA,NA,NA,NA,-76.98113601,38.90807397,"5",NA,NA,301,2,159,21,0.528239202657807,0.0697674418604651,0.00664451827242525,126.654485049834,NA,NA
"PCS","KIPP DC Spring Academy",214,"1375 Mt Olivet Road, NE","",NA,NA,"ES",12919,NA,NA,NA,NA,-76.98113601,38.90807397,"5",NA,NA,102,0,60,5,0.588235294117647,0.0490196078431373,0,126.656862745098,NA,NA
"PCS","KIPP DC Northeast Academy PCS",242,"1375 Mt Olivet Road, NE","",NA,NA,"MS",15958,NA,NA,NA,NA,NA,NA,NA,NA,NA,126,1,70,22,0.555555555555556,0.174603174603175,0.00793650793650794,126.650793650794,NA,NA
"PCS","AppleTree Early Learning Center PCS Lincoln Park",3073,"138 12th Street, NE","73",NA,NA,"PK3-K",8975,NA,NA,NA,NA,-76.99053567,38.89151343,"6",NA,NA,60,2,5,5,0.0833333333333333,0.0833333333333333,0.0333333333333333,149.583333333333,NA,NA
"PCS","Community Academy Butler Global",106,"1400 1st Street, NW"," 	1,020 ",NA,NA,"ES",1e+05,NA,NA,NA,NA,-77.0132191,38.90908026,"5",NA,NA,523,51,272,35,0.520076481835564,0.0669216061185468,0.0975143403441683,191.204588910134,NA,NA
"PCS","KIPP DC College Prep PCS",1123,"1401 Brentwood Parkway, NE","500",NA,NA,"HS",187423,NA,NA,NA,NA,-76.98804884,38.85662232,"8",NA,NA,454,0,232,86,0.511013215859031,0.18942731277533,0,412.825991189427,NA,NA
"PCS","Mary McLeod Bethune Day Academy PCS Slowe Campus",135,"1404 Jackson Street, NE","450",NA,NA,"ES/MS",56927,NA,NA,NA,NA,-76.98686463,38.92960592,"5",NA,NA,381,8,237,35,0.622047244094488,0.0918635170603675,0.020997375328084,149.41469816273,NA,NA
"PCS","Achievement Preparatory PCS-Elementary",217,"1500 Mississippi Avenue, SE","N/A",NA,NA,"ES",23302,NA,NA,NA,NA,-76.99226882,38.83432822,"8",NA,NA,267,1,132,23,0.49438202247191,0.0861423220973783,0.00374531835205993,87.2734082397004,NA,NA
"PCS","Center City Capitol Hill Campus PCS",1104,"1503 East Capitol Street, SE","534",NA,NA,"ES/MS",40037,NA,NA,NA,NA,-76.98330456,38.88952582,"6",NA,NA,239,0,112,23,0.468619246861925,0.096234309623431,0,167.518828451883,NA,NA
"PCS","Perry Street Prep PCS",161,"1800 Perry Street, NE"," 	1,250 ",NA,NA,"PK3-12",171000,NA,NA,NA,NA,-76.97859551,38.93679648,"5",NA,NA,619,10,343,93,0.554119547657512,0.150242326332795,0.0161550888529887,276.252019386107,NA,NA
"PCS","Hospitality High School",160,"1851 9th Street NW","347",NA,NA,"HS",29300,NA,NA,NA,NA,-77.02364411,38.91536518,"1",NA,NA,171,14,130,58,0.760233918128655,0.339181286549708,0.0818713450292398,171.345029239766,NA,NA
"PCS","St. Coletta Special Education PCS",1047,"1901 Independence Avenue, SE","525",NA,NA,"SPED",99540,NA,NA,NA,NA,-76.97667492,38.88721683,"7",NA,NA,252,20,111,251,0.44047619047619,0.996031746031746,0.0793650793650794,395,NA,NA
"PCS","Washington Math Science Tech PCS",178,"1920 Bladensburg Road, NE","420",NA,NA,"HS",49116,NA,NA,NA,NA,-76.97378958,38.91641842,"5",NA,NA,335,3,222,72,0.662686567164179,0.214925373134328,0.00895522388059702,146.614925373134,NA,NA
"PCS","Inspired Teaching Demonstration PCS",3064,"200 Douglas Street, NE","620",NA,NA,"ES/MS",40800,NA,NA,NA,NA,-77.03079817,38.92008577,"1",NA,NA,317,14,35,34,0.110410094637224,0.107255520504732,0.0441640378548896,128.706624605678,NA,NA
"PCS","Meridian PCS",165,"2120 13th Street, NW","718",NA,NA,"ES/MS",61900,NA,NA,NA,NA,-77.02995351,38.91874942,"1",NA,NA,639,176,294,77,0.460093896713615,0.120500782472613,0.275430359937402,96.8701095461659,NA,NA
"PCS","Center City Congress Heights Campus PCS",1105,"220 Highview Place, SE","341",NA,NA,"ES/MS",27000,NA,NA,NA,NA,-77.00444463,38.84158668,"8",NA,NA,257,0,172,19,0.669260700389105,0.0739299610894942,0,105.058365758755,NA,NA
"PCS","Washington Yu Ying PCS",1117,"220 Taylor Street, NE","610",NA,NA,"ES",41118,NA,NA,NA,NA,-77.00368216,38.94123488,"5",NA,NA,528,31,22,30,0.0416666666666667,0.0568181818181818,0.0587121212121212,77.875,NA,NA
"PCS","Tree of Life Community PCS",183,"2315 18th Place, NE"," 	1,393 ",NA,NA,"ES/MS",28076,NA,NA,NA,NA,-76.97783843,38.9207792,"5",NA,NA,286,2,185,25,0.646853146853147,0.0874125874125874,0.00699300699300699,98.1678321678322,NA,NA
"PCS","Community College Preparatory Academy PCS",216,"2405 Martin Luther King Jr. Avenue, SE","155",NA,NA,"ADULT",11000,NA,NA,NA,NA,-76.99262996,38.86275176,"8",NA,NA,273,0,0,1,0,0.00366300366300366,0,40.2930402930403,NA,NA
"PCS","Thurgood Marshall Academy PCS",191,"2427 Martin Luther King Jr. Avenue, SE","416",NA,NA,"HS",63625,NA,NA,NA,NA,-76.99368577,38.86227707,"8",NA,NA,395,0,216,50,0.546835443037975,0.126582278481013,0,161.075949367089,NA,NA
"PCS","Excel Academy PCS",1113,"2501 Martin Luther King Jr. Avenue, SE"," 	1,292 ",NA,NA,"ES",67508,NA,NA,NA,NA,-76.99535457,38.85976209,"8",NA,NA,569,0,366,23,0.64323374340949,0.0404217926186292,0,118.643233743409,NA,NA
"PCS","Excel Academy PCS LEAD",1211,"2502 Martin Luther King Jr. Avenue, SE","",NA,NA,"MS",19288,NA,NA,NA,NA,NA,NA,NA,NA,NA,155,0,100,27,0.645161290322581,0.174193548387097,0,124.438709677419,NA,NA
"PCS","KIPP DC AIM PCS Academy PCS",116,"2600 Douglass Place, SE"," 	1,900 ",NA,NA,"MS",43362,NA,NA,NA,NA,-76.98804884,38.85662232,"8",NA,NA,321,1,189,74,0.588785046728972,0.230529595015576,0.00311526479750779,135.084112149533,NA,NA
"PCS","KIPP DC Discover PCS",1122,"2600 Douglass Place, SE","",NA,NA,"PK3-K",44578,NA,NA,NA,NA,-76.98804884,38.85662232,"8",NA,NA,330,0,203,22,0.615151515151515,0.0666666666666667,0,135.084848484848,NA,NA
"PCS","KIPP DC Heights Academy PCS",3071,"2600 Douglass Place, SE","",NA,NA,"ES",56060,NA,NA,NA,NA,-76.98804884,38.85662232,"8",NA,NA,415,0,229,57,0.551807228915663,0.137349397590361,0,135.084337349398,NA,NA
"PCS","AppleTree Early Learning Center PCS Columbia Heights",140,"2750 14th Street, NW ","188",NA,NA,"PK3-K",12204,NA,NA,NA,NA,-77.03274382,38.92524403,"1",NA,NA,163,37,58,10,0.355828220858896,0.0613496932515337,0.226993865030675,74.8711656441718,NA,NA
"PCS","Hope Community PCS Tolson Campus",114,"2917 8th Street, NE","540",NA,NA,"ES/MS",33571,NA,NA,NA,NA,-76.99461626,38.9269508,"5",NA,NA,517,34,264,43,0.51063829787234,0.0831721470019342,0.0657640232108317,64.9342359767892,NA,NA
"PCS","Friendship PCS Woodridge Elementary",365,"2959 Carlton Avenue, NE","600",NA,NA,"ES",37000,NA,NA,NA,NA,-76.9665146,38.92954664,"5",NA,NA,284,8,127,12,0.447183098591549,0.0422535211267606,0.028169014084507,130.281690140845,NA,NA
"PCS","Friendship PCS Woodridge Middle",366,"2960 Carlton Avenue, NE","",NA,NA,"MS",0,NA,NA,NA,NA,-76.9665146,38.92954664,"5",NA,NA,168,1,75,35,0.446428571428571,0.208333333333333,0.00595238095238095,0,NA,NA
"PCS","Mundo Verde Bilingual PCS",3065,"30 P Street, NW","897",NA,NA,"ES",36148,NA,NA,NA,NA,-77.03681,38.93131343,"1",NA,NA,404,84,57,22,0.141089108910891,0.0544554455445545,0.207920792079208,89.4752475247525,NA,NA
"PCS","Lee Montessori PCS",228,"301 Douglas Street, NE","162",NA,NA,"ES",13200,NA,NA,NA,NA,NA,NA,NA,NA,NA,74,0,10,5,0.135135135135135,0.0675675675675676,0,178.378378378378,NA,NA
"PCS","Youthbuild PCS",128,"3014 14th St NW","100",NA,NA,"ALT",11709,NA,NA,NA,NA,-77.03275327,38.92774375,"1",NA,NA,112,7,0,10,0,0.0892857142857143,0.0625,104.544642857143,NA,NA
"PCS","Latin American Youth Center Career Academy",104,"3047 15th Street, NW","225",NA,NA,"ALT",16097,NA,NA,NA,NA,-77.0358413,38.92851269,"1",NA,NA,190,36,0,6,0,0.0315789473684211,0.189473684210526,84.7210526315789,NA,NA
"PCS","The Next Step PCS",168,"3047 15th Street, NW","375",NA,NA,"ALT",30755,NA,NA,NA,NA,-77.0358413,38.92851269,"1",NA,NA,363,203,0,13,0,0.0358126721763085,0.559228650137741,84.7245179063361,NA,NA
"PCS","Democracy Prep PCS-Congress Heights",234,"3100 Martin Luther King Jr. Avenue, SE","890",NA,NA,"ES",42528,NA,NA,NA,NA,NA,NA,NA,NA,NA,620,1,436,70,0.703225806451613,0.112903225806452,0.00161290322580645,68.5935483870968,NA,NA
"PCS","AppleTree Early Learning Center PCS Oklahoma",1137,"320 21st Street, NE","218",NA,NA,"PK3-K",15866,NA,NA,NA,NA,-76.97558295,38.89459581,"7",NA,NA,161,3,80,4,0.496894409937888,0.0248447204968944,0.0186335403726708,98.5465838509317,NA,NA
"PCS","District of Columbia International School",248,"3220 16th Street, NW","308",NA,NA,"MS",20217,NA,NA,NA,NA,NA,NA,NA,NA,NA,210,26,44,40,0.20952380952381,0.19047619047619,0.123809523809524,96.2714285714286,NA,NA
"PCS","Creative Minds International PCS",3069,"3224 16th Street, NW","203",NA,NA,"ES",17976,NA,NA,NA,NA,-77.03681552,38.93151044,"1",NA,NA,181,10,22,48,0.121546961325967,0.265193370165746,0.0552486187845304,99.3149171270718,NA,NA
"PCS","Community Academy Amos II",158,"33 Riggs Road, NE","600",NA,NA,"ES",50600,NA,NA,NA,NA,-77.00663786,38.95492264,"5",NA,NA,329,86,193,18,0.586626139817629,0.0547112462006079,0.261398176291793,153.799392097264,NA,NA
"PCS","Somerset PCS",187,"3301 Wheeler Road, SE"," 	1,149 ",NA,NA,"MS",112000,NA,NA,NA,NA,-76.99410056,38.84151923,"8",NA,NA,240,0,160,44,0.666666666666667,0.183333333333333,0,466.666666666667,NA,NA
"PCS","Eagle Academy PCS - Eagle Center at McGogney",195,"3400 Wheeler Road, SE"," 	1,241 ",NA,NA,"ES",60000,NA,NA,NA,NA,-76.9930375,38.84026907,"8",NA,NA,774,2,466,83,0.602067183462532,0.107235142118863,0.00258397932816537,77.5193798449612,NA,NA
"PCS","E L  Haynes PCS Georgia Avenue",146,"3600 Georgia Avenue, NW","516",NA,NA,"MS",45484,NA,NA,NA,NA,-77.02424335,38.93432162,"1",NA,NA,377,54,157,77,0.416445623342175,0.204244031830239,0.143236074270557,120.647214854111,NA,NA
"PCS","Elsie Whitlow Stokes Community Freedom PCS",159,"3700 Oakview Terrace, NE","450",NA,NA,"ES",32341,NA,NA,NA,NA,-76.99008735,38.93498987,"5",NA,NA,350,63,62,26,0.177142857142857,0.0742857142857143,0.18,92.4028571428571,NA,NA
"PCS","Cesar Chavez PCS Parkside Upper",109,"3701 Hayes Street,  NE","834",NA,NA,"HS",36015,NA,NA,NA,NA,-76.94906511,38.90143803,"7",NA,NA,356,7,228,40,0.640449438202247,0.112359550561798,0.0196629213483146,101.165730337079,NA,NA
"PCS","Cesar Chavez Parkside MS PCS",102,"3702 Hayes Street,  NE","",NA,NA,"MS",30870,NA,NA,NA,NA,-76.94906511,38.90143803,"7",NA,NA,303,8,204,42,0.673267326732673,0.138613861386139,0.0264026402640264,101.881188118812,NA,NA
"PCS","Howard University Middle School of Math and Science PCS",115,"405 Howard Place, NW","435",NA,NA,"MS",20968,NA,NA,NA,NA,-77.01912932,38.92284156,"1",NA,NA,294,11,115,9,0.391156462585034,0.0306122448979592,0.0374149659863946,71.3197278911565,NA,NA
"PCS","Friendship PCS Woodson Collegiate Academy",186,"4095 Minnesota Avenue, NE"," 	1,500 ",NA,NA,"HS",152000,NA,NA,NA,NA,-76.94634663,38.8975498,"7",NA,NA,883,0,517,165,0.585503963759909,0.186862967157418,0,172.140430351076,NA,NA
"PCS","Basis DC PCS",3068,"410 8th Street, NW"," 	1,062 ",NA,NA,"MS/HS",44179,NA,NA,NA,NA,-77.0232213,38.89521439,"2",NA,NA,551,0,48,23,0.0871143375680581,0.0417422867513612,0,80.1796733212341,NA,NA
"PCS","KIPP DC WILL Academy PCS",121,"421 P Street, NW","",NA,NA,"MS",36149,NA,NA,NA,NA,-77.01811734,38.90988639,"6",NA,NA,344,3,138,66,0.401162790697674,0.191860465116279,0.00872093023255814,105.084302325581,NA,NA
"PCS","KIPP DC LEAD Academy",190,"421 P Street, NW","",NA,NA,"ES",31736,NA,NA,NA,NA,-77.01811734,38.90988639,"6",NA,NA,302,4,127,27,0.420529801324503,0.0894039735099338,0.0132450331125828,105.086092715232,NA,NA
"PCS","KIPP DC GROW Academy PCS",1129,"421 P Street, NW"," 	1,195 ",NA,NA,"PK3-K",32786,NA,NA,NA,NA,-77.01811734,38.90988639,"6",NA,NA,312,3,140,17,0.448717948717949,0.0544871794871795,0.00961538461538462,105.083333333333,NA,NA
"PCS","School for Educational Evolution and Development (SEED) PCS",174,"4300 C Street, SE","488",NA,NA,"MS/HS",48128,NA,NA,NA,NA,-76.94630306,38.88713024,"7",NA,NA,336,0,172,57,0.511904761904762,0.169642857142857,0,143.238095238095,NA,NA
"PCS","Potomac Preparatory PCS",117,"4401 8th Street, NE","650",NA,NA,"ES/MS",42016,NA,NA,NA,NA,-76.994532,38.9429707,"5",NA,NA,425,0,261,50,0.614117647058824,0.117647058823529,0,98.8611764705882,NA,NA
"PCS","E.L. Haynes Kansas Avenue - High School",1138,"4501 Kansas Avenue, NW","861",NA,NA,"HS",17647,NA,NA,NA,NA,-77.02241638,38.94560189,"4",NA,NA,422,66,218,90,0.516587677725118,0.213270142180095,0.156398104265403,41.8175355450237,NA,NA
"PCS","Ingenuity Prep PCS",200,"4600 Livingston Road, SE","200",NA,NA,"ES",32142,NA,NA,NA,NA,-77.00308684,38.82390393,"8",NA,NA,201,0,148,22,0.736318407960199,0.109452736318408,0,159.910447761194,NA,NA
"PCS","National Collegiate Prep PCS",1120,"4600 Livingston Road, SE","400",NA,NA,"HS",48933,NA,NA,NA,NA,-77.00308684,38.82390393,"8",NA,NA,306,0,213,40,0.696078431372549,0.130718954248366,0,159.911764705882,NA,NA
"PCS","KIPP DC LEAP Academy PCS",132,"4801 Benning Road, SE","",NA,NA,"PK3-K",24801,NA,NA,NA,NA,-76.93439427,38.88262754,"7",NA,NA,304,0,177,19,0.582236842105263,0.0625,0,81.5822368421053,NA,NA
"PCS","KIPP DC KEY Academy PCS",189,"4801 Benning Road, SE"," 	1,608 ",NA,NA,"MS",27248,NA,NA,NA,NA,-76.93439427,38.88262754,"7",NA,NA,334,1,161,37,0.482035928143713,0.110778443113772,0.0029940119760479,81.5808383233533,NA,NA
"PCS","KIPP DC Promise PCS",1121,"4801 Benning Road, SE","",NA,NA,"ES",32632,NA,NA,NA,NA,-76.93439427,38.88262754,"7",NA,NA,400,3,219,55,0.5475,0.1375,0.0075,81.58,NA,NA
"PCS","Center City Petworth Campus PCS",1106,"510 Webster Street, NW","425",NA,NA,"ES/MS",30825,NA,NA,NA,NA,-77.02090667,38.94387114,"4",NA,NA,262,53,97,19,0.370229007633588,0.0725190839694656,0.202290076335878,117.652671755725,NA,NA
"PCS","Washington Latin PCS MS",125,"5200 2nd Street, NW","835",NA,NA,"MS",35040,NA,NA,NA,NA,-77.01381902,38.95388895,"4",NA,NA,366,3,16,29,0.0437158469945355,0.0792349726775956,0.00819672131147541,95.7377049180328,NA,NA
"PCS","Washington Latin PCS HS",1118,"5201 2nd Street, NW","835",NA,NA,"HS",29280,NA,NA,NA,NA,-77.01381902,38.95388895,"4",NA,NA,304,6,70,31,0.230263157894737,0.101973684210526,0.0197368421052632,96.3157894736842,NA,NA
"PCS","KIPP DC Arts & Technology Academy PCS",236,"5300 Blaine Street, NE","764",NA,NA,"PK3-K",28914,NA,NA,NA,NA,NA,NA,NA,NA,NA,212,1,129,14,0.608490566037736,0.0660377358490566,0.00471698113207547,136.38679245283,NA,NA
"PCS","KIPP DC Quest Academy PCS",237,"5300 Blaine Street, NE","",NA,NA,"ES",38461,NA,NA,NA,NA,NA,NA,NA,NA,NA,282,1,176,43,0.624113475177305,0.152482269503546,0.00354609929078014,136.386524822695,NA,NA
"PCS","Maya Angelou Evans Campus PCS",101,"5600 E Capitol Street, NE","646",NA,NA,"ALT",79453,NA,NA,NA,NA,-76.92063526,38.89029144,"7",NA,NA,252,0,0,88,0,0.349206349206349,0,315.289682539683,NA,NA
"PCS","Maya Angelou Young Adult Learning Center",137,"5600 E Capitol Street, NE","",NA,NA,"ADULT",46347,NA,NA,NA,NA,-76.92063526,38.89029144,"7",NA,NA,147,0,1,17,0.00680272108843537,0.115646258503401,0,315.285714285714,NA,NA
"PCS","DC Scholars PCS",3070,"5601 East Capitol Street, SE","443",NA,NA,"ES",31000,NA,NA,NA,NA,-76.92174283,38.88947954,"7",NA,NA,389,0,252,38,0.647814910025707,0.0976863753213368,0,79.6915167095116,NA,NA
"PCS","Paul Public Charter School - Middle School",170,"5800 8th Street, NW","780",NA,NA,"MS",68650,NA,NA,NA,NA,-77.02472307,38.96136545,"4",NA,NA,376,24,160,47,0.425531914893617,0.125,0.0638297872340425,182.579787234043,NA,NA
"PCS","Paul Public Charter School - International High School",222,"5800 8th Street, NW","",NA,NA,"HS",59338,NA,NA,NA,NA,-77.02472307,38.96136545,"4",NA,NA,325,24,159,42,0.489230769230769,0.129230769230769,0.0738461538461539,182.578461538462,NA,NA
"PCS","Center City Brightwood Campus PCS",1103,"6008 Georgia Avenue, NW","567",NA,NA,"ES/MS",37010,NA,NA,NA,NA,-77.02832854,38.96319196,"4",NA,NA,248,55,80,26,0.32258064516129,0.104838709677419,0.221774193548387,149.233870967742,NA,NA
"PCS","Sela PCS",197,"6015 Chillum Place, NE","N/A",NA,NA,"ES",0,NA,NA,NA,NA,-77.00736469,38.96387483,"4",NA,NA,86,8,24,8,0.27906976744186,0.0930232558139535,0.0930232558139535,0,NA,NA
"PCS","Shining Stars Montessori PCS",3066,"6017 Chillum Place, NE","N/A",NA,NA,"PK3-K",0,NA,NA,NA,NA,-77.03079817,38.92008577,"1",NA,NA,118,12,20,1,0.169491525423729,0.00847457627118644,0.101694915254237,0,NA,NA
"PCS","Ideal Academy PCS North Capitol Street Campus ES",134,"6130 N Capitol Street, NW","500",NA,NA,"ES/MS",35090,NA,NA,NA,NA,-77.00993332,38.96491986,"4",NA,NA,297,3,185,32,0.622895622895623,0.107744107744108,0.0101010101010101,118.148148148148,NA,NA
"PCS","Harmony DC PCS-School of Excellence",245,"62 T Street, NE","220",NA,NA,"ES",20000,NA,NA,NA,NA,NA,NA,NA,NA,NA,66,0,40,8,0.606060606060606,0.121212121212121,0,303.030303030303,NA,NA
"PCS","Hope Community PCS Lamond Campus",131,"6200 Kansas Avenue, NE","500",NA,NA,"ES",41000,NA,NA,NA,NA,-77.00860715,38.96571909,"4",NA,NA,358,13,148,22,0.41340782122905,0.0614525139664804,0.0363128491620112,114.525139664804,NA,NA
"PCS","Friendship PCS SouthEast Academy",113,"645 Milwaukee Place, SE","950",NA,NA,"ES",58539,NA,NA,NA,NA,-76.99700774,38.84779147,"8",NA,NA,576,0,412,56,0.715277777777778,0.0972222222222222,0,101.630208333333,NA,NA
"PCS","Cedar Tree Academy PCS",188,"701 Howard Road, SE","650",NA,NA,"PK3-K",31000,NA,NA,NA,NA,-76.99919401,38.86421603,"8",NA,NA,358,0,261,9,0.729050279329609,0.0251396648044693,0,86.5921787709497,NA,NA
"PCS","William E. Doar Jr PCS",210,"705 Edgewood Street, NE","560",NA,NA,"ES/MS",46835,NA,NA,NA,NA,-76.99585343,38.9236448,"5",NA,NA,439,13,223,35,0.507972665148064,0.0797266514806378,0.0296127562642369,106.685649202733,NA,NA
"PCS","D C  Preparatory Edgewood Elementary Campus PCS",130,"707 Edgewood Street, NE","499",NA,NA,"ES",50050,NA,NA,NA,NA,-76.99573508,38.92427699,"5",NA,NA,432,20,197,28,0.456018518518519,0.0648148148148148,0.0462962962962963,115.856481481481,NA,NA
"PCS","Cesar Chavez Capitol Hill PCS",153,"709 12th Street, SE","430",NA,NA,"HS",40000,NA,NA,NA,NA,-76.99064037,38.88069473,"6",NA,NA,358,21,225,70,0.628491620111732,0.195530726256983,0.058659217877095,111.731843575419,NA,NA
"PCS","Center City Shaw Campus PCS",1107,"711 N Street, NW","350",NA,NA,"ES/MS",29240,NA,NA,NA,NA,-77.02266552,38.90744452,"6",NA,NA,241,34,113,29,0.468879668049793,0.120331950207469,0.141078838174274,121.327800829876,NA,NA
"PCS","Friendship PCS Blow Pierce Elementary",361,"725 19th Street, NE","925",NA,NA,"ES",33895,NA,NA,NA,NA,-76.97648125,38.89782045,"7",NA,NA,379,6,289,14,0.762532981530343,0.0369393139841689,0.0158311345646438,89.4327176781003,NA,NA
"PCS","Friendship PCS Blow-Pierce Middle",362,"725 19th Street, NE","",NA,NA,"MS",19049,NA,NA,NA,NA,-76.97648125,38.89782045,"7",NA,NA,213,1,147,42,0.690140845070423,0.197183098591549,0.00469483568075117,89.4319248826291,NA,NA
"PCS","Cesar Chavez PCS Chavez Prep",127,"770 Kenyon Street, NW","420",NA,NA,"MS",36059,NA,NA,NA,NA,-77.02587574,38.92960614,"1",NA,NA,331,94,170,48,0.513595166163142,0.145015105740181,0.283987915407855,108.939577039275,NA,NA
"PCS","Richard Wright PCS for Journalism and Media Arts",3067,"770 M Street, SE","398",NA,NA,"MS/HS",28000,NA,NA,NA,NA,-76.99557668,38.87699771,"6",NA,NA,305,1,225,58,0.737704918032787,0.19016393442623,0.00327868852459016,91.8032786885246,NA,NA
"PCS","AppleTree Early Learning Center PCS Southwest",141,"801 7th Street, SW","158",NA,NA,"PK3-K",6162,NA,NA,NA,NA,-77.0181253,38.8795154,"6",NA,NA,86,4,41,2,0.476744186046512,0.0232558139534884,0.0465116279069767,71.6511627906977,NA,NA
"PCS","Achievement Preparatory PCS-Middle School",1100,"908 Wahler Place, SE","519",NA,NA,"MS",33177,NA,NA,NA,NA,-76.98339857,38.8416454,"8",NA,NA,381,0,192,51,0.503937007874016,0.133858267716535,0,87.0787401574803,NA,NA
